,ADC channel,average,error
0,-495.0,3.0,1.0
1,-485.0,3.0,0.0
2,-475.0,1.5,0.5
3,-465.0,2.0,1.0
4,-455.0,4.5,1.5
5,-445.0,5.5,3.5
6,-435.0,6.0,2.0
7,-425.0,8.0,2.0
8,-415.0,10.0,2.0
9,-405.0,8.0,3.0
10,-395.0,13.0,0.0
11,-385.0,8.5,2.5
12,-375.0,12.0,7.0
13,-365.0,9.0,2.0
14,-355.0,7.5,0.5
15,-345.0,8.5,1.5
16,-335.0,10.5,1.5
17,-325.0,8.5,0.5
18,-315.0,7.5,1.5
19,-305.0,10.5,2.5
20,-295.0,8.0,0.0
21,-285.0,5.5,0.5
22,-275.0,9.5,3.5
23,-265.0,7.0,1.0
24,-255.0,6.0,2.0
25,-245.0,7.5,2.5
26,-235.0,4.5,0.5
27,-225.0,4.0,0.0
28,-215.0,3.5,1.5
29,-205.0,4.5,2.5
30,-195.0,3.0,1.0
31,-185.0,7.5,0.5
32,-175.0,5.5,1.5
33,-165.0,3.5,0.5
34,-155.0,8.5,2.5
35,-145.0,5.5,0.5
36,-135.0,3.0,0.0
37,-125.0,8.5,2.5
38,-115.0,12.0,2.0
39,-105.0,11.5,2.5
40,-95.0,12.0,0.0
41,-85.0,19.5,0.5
42,-75.0,31.5,2.5
43,-65.0,46.5,0.5
44,-55.0,64.5,8.5
45,-45.0,80.5,8.5
46,-35.0,125.5,3.5
47,-25.0,172.5,7.5
48,-15.0,221.5,12.5
49,-5.0,277.0,9.0
50,5.0,368.5,2.5
51,15.0,445.0,1.0
52,25.0,565.0,26.0
53,35.0,648.5,28.5
54,45.0,773.5,1.5
55,55.0,871.5,29.5
56,65.0,983.0,4.0
57,75.0,1089.0,1.0
58,85.0,1188.5,25.5
59,95.0,1292.0,33.0
60,105.0,1365.5,7.5
61,115.0,1378.0,90.0
62,125.0,1469.5,16.5
63,135.0,1482.5,10.5
64,145.0,1470.0,18.0
65,155.0,1540.5,17.5
66,165.0,1565.5,44.5
67,175.0,1536.0,17.0
68,185.0,1517.0,41.0
69,195.0,1606.0,50.0
70,205.0,1661.5,50.5
71,215.0,1644.5,72.5
72,225.0,1751.0,22.0
73,235.0,1840.0,22.0
74,245.0,1885.0,67.0
75,255.0,1951.5,7.5
76,265.0,2037.5,10.5
77,275.0,2077.0,9.0
78,285.0,2209.5,47.5
79,295.0,2379.0,63.0
80,305.0,2372.0,35.0
81,315.0,2426.5,10.5
82,325.0,2526.0,14.0
83,335.0,2524.0,20.0
84,345.0,2549.5,31.5
85,355.0,2484.5,27.5
86,365.0,2469.5,35.5
87,375.0,2280.0,4.0
88,385.0,2209.0,13.0
89,395.0,2119.5,93.5
90,405.0,1982.0,75.0
91,415.0,1874.0,28.0
92,425.0,1802.0,20.0
93,435.0,1590.5,46.5
94,445.0,1539.0,63.0
95,455.0,1369.5,54.5
96,465.0,1207.0,27.0
97,475.0,1150.0,17.0
98,485.0,1063.5,35.5
99,495.0,942.5,28.5
100,505.0,871.0,52.0
101,515.0,816.5,27.5
102,525.0,726.0,9.0
103,535.0,658.5,35.5
104,545.0,635.0,12.0
105,555.0,576.5,10.5
106,565.0,546.0,34.0
107,575.0,491.0,37.0
108,585.0,416.5,11.5
109,595.0,392.0,22.0
110,605.0,372.0,26.0
111,615.0,350.5,22.5
112,625.0,333.0,4.0
113,635.0,304.5,2.5
114,645.0,286.0,9.0
115,655.0,271.0,1.0
116,665.0,279.0,13.0
117,675.0,260.5,3.5
118,685.0,260.0,3.0
119,695.0,244.5,15.5
120,705.0,231.5,3.5
121,715.0,236.5,4.5
122,725.0,228.0,19.0
123,735.0,248.0,3.0
124,745.0,237.0,3.0
125,755.0,233.5,12.5
126,765.0,215.5,8.5
127,775.0,235.0,6.0
128,785.0,220.5,31.5
129,795.0,222.5,3.5
130,805.0,218.5,16.5
131,815.0,210.0,18.0
132,825.0,189.0,15.0
133,835.0,186.5,19.5
134,845.0,187.5,1.5
135,855.0,199.5,0.5
136,865.0,181.5,10.5
137,875.0,167.0,6.0
138,885.0,197.0,18.0
139,895.0,183.0,3.0
140,905.0,175.0,6.0
141,915.0,164.0,11.0
142,925.0,178.5,1.5
143,935.0,164.0,24.0
144,945.0,175.5,21.5
145,955.0,166.0,0.0
146,965.0,164.5,11.5
147,975.0,146.0,10.0
148,985.0,170.5,14.5
149,995.0,149.0,5.0
150,1005.0,161.0,12.0
151,1015.0,158.0,6.0
152,1025.0,163.5,2.5
153,1035.0,164.5,5.5
154,1045.0,152.5,5.5
155,1055.0,151.5,13.5
156,1065.0,131.0,7.0
157,1075.0,151.0,21.0
158,1085.0,164.0,38.0
159,1095.0,160.5,7.5
160,1105.0,148.5,2.5
161,1115.0,162.5,5.5
162,1125.0,154.0,10.0
163,1135.0,162.5,11.5
164,1145.0,160.5,4.5
165,1155.0,172.5,0.5
166,1165.0,158.5,5.5
167,1175.0,161.5,1.5
168,1185.0,177.0,28.0
169,1195.0,181.0,15.0
170,1205.0,202.0,10.0
171,1215.0,195.5,7.5
172,1225.0,199.0,3.0
173,1235.0,224.0,5.0
174,1245.0,237.5,12.5
175,1255.0,240.0,34.0
176,1265.0,238.0,1.0
177,1275.0,256.0,2.0
178,1285.0,266.5,9.5
179,1295.0,294.0,22.0
180,1305.0,304.0,24.0
181,1315.0,325.0,28.0
182,1325.0,323.5,20.5
183,1335.0,349.5,20.5
184,1345.0,370.5,0.5
185,1355.0,392.0,0.0
186,1365.0,412.0,10.0
187,1375.0,413.0,9.0
188,1385.0,427.5,3.5
189,1395.0,441.0,29.0
190,1405.0,439.5,4.5
191,1415.0,458.0,0.0
192,1425.0,484.5,14.5
193,1435.0,515.0,6.0
194,1445.0,488.0,0.0
195,1455.0,506.5,15.5
196,1465.0,507.5,19.5
197,1475.0,504.5,1.5
198,1485.0,501.0,4.0
199,1495.0,552.5,5.5
200,1505.0,519.0,9.0
201,1515.0,549.5,4.5
202,1525.0,560.0,6.0
203,1535.0,531.5,22.5
204,1545.0,556.5,16.5
205,1555.0,570.5,24.5
206,1565.0,574.5,0.5
207,1575.0,558.0,30.0
208,1585.0,603.0,54.0
209,1595.0,635.5,3.5
210,1605.0,601.0,34.0
211,1615.0,613.0,21.0
212,1625.0,658.5,21.5
213,1635.0,676.0,38.0
214,1645.0,668.5,20.5
215,1655.0,741.0,12.0
216,1665.0,741.0,16.0
217,1675.0,792.0,16.0
218,1685.0,798.0,62.0
219,1695.0,793.0,25.0
220,1705.0,823.5,47.5
221,1715.0,813.0,27.0
222,1725.0,884.5,10.5
223,1735.0,896.0,27.0
224,1745.0,854.0,32.0
225,1755.0,862.5,14.5
226,1765.0,919.5,0.5
227,1775.0,913.5,11.5
228,1785.0,897.0,9.0
229,1795.0,922.5,13.5
230,1805.0,902.0,10.0
231,1815.0,879.5,8.5
232,1825.0,853.5,47.5
233,1835.0,865.5,39.5
234,1845.0,803.5,10.5
235,1855.0,807.0,5.0
236,1865.0,793.0,14.0
237,1875.0,790.0,12.0
238,1885.0,705.5,34.5
239,1895.0,710.0,25.0
240,1905.0,679.5,9.5
241,1915.0,667.5,12.5
242,1925.0,617.5,12.5
243,1935.0,605.5,17.5
244,1945.0,531.0,9.0
245,1955.0,532.0,24.0
246,1965.0,483.0,2.0
247,1975.0,460.0,2.0
248,1985.0,430.5,21.5
249,1995.0,421.5,2.5
250,2005.0,381.5,5.5
251,2015.0,358.0,15.0
252,2025.0,359.5,19.5
253,2035.0,325.0,8.0
254,2045.0,307.0,10.0
255,2055.0,288.0,4.0
256,2065.0,267.5,10.5
257,2075.0,249.5,1.5
258,2085.0,220.0,10.0
259,2095.0,224.5,1.5
260,2105.0,222.0,22.0
261,2115.0,193.0,13.0
262,2125.0,181.5,4.5
263,2135.0,172.5,4.5
264,2145.0,175.0,8.0
265,2155.0,152.5,26.5
266,2165.0,152.0,11.0
267,2175.0,125.0,5.0
268,2185.0,135.0,17.0
269,2195.0,127.0,10.0
270,2205.0,113.5,4.5
271,2215.0,110.5,7.5
272,2225.0,106.5,6.5
273,2235.0,102.5,4.5
274,2245.0,95.5,17.5
275,2255.0,87.0,7.0
276,2265.0,80.5,6.5
277,2275.0,70.5,5.5
278,2285.0,71.0,2.0
279,2295.0,63.5,4.5
280,2305.0,53.5,2.5
281,2315.0,46.5,1.5
282,2325.0,45.5,3.5
283,2335.0,35.0,2.0
284,2345.0,32.5,4.5
285,2355.0,42.5,0.5
286,2365.0,40.5,5.5
287,2375.0,27.5,4.5
288,2385.0,26.5,4.5
289,2395.0,25.0,5.0
290,2405.0,18.5,1.5
291,2415.0,24.0,1.0
292,2425.0,17.0,2.0
293,2435.0,17.5,5.5
294,2445.0,13.0,2.0
295,2455.0,12.0,3.0
296,2465.0,8.5,0.5
297,2475.0,8.0,2.0
298,2485.0,9.0,1.0
299,2495.0,5.5,0.5
300,2505.0,8.5,0.5
301,2515.0,2.5,0.5
302,2525.0,6.5,2.5
303,2535.0,2.5,1.5
304,2545.0,3.5,1.5
305,2555.0,2.0,2.0
306,2565.0,3.5,0.5
307,2575.0,3.5,0.5
308,2585.0,2.5,1.5
309,2595.0,2.5,0.5
310,2605.0,2.0,1.0
311,2615.0,1.0,0.0
312,2625.0,2.5,0.5
313,2635.0,0.5,0.5
314,2645.0,2.5,0.5
315,2655.0,1.0,0.0
316,2665.0,2.5,1.5
317,2675.0,2.0,0.0
318,2685.0,1.0,1.0
319,2695.0,1.5,0.5
320,2705.0,1.0,0.0
321,2715.0,2.5,0.5
322,2725.0,1.5,0.5
323,2735.0,2.0,0.0
324,2745.0,1.0,0.0
325,2755.0,1.0,1.0
326,2765.0,0.5,0.5
327,2775.0,1.0,1.0
328,2785.0,1.5,0.5
329,2795.0,2.5,2.5
330,2805.0,1.5,0.5
331,2815.0,1.5,0.5
332,2825.0,2.0,1.0
333,2835.0,1.0,1.0
334,2845.0,1.0,1.0
335,2855.0,2.0,1.0
336,2865.0,1.0,0.0
337,2875.0,2.0,0.0
338,2885.0,0.5,0.5
339,2895.0,1.5,0.5
340,2905.0,1.5,1.5
341,2915.0,1.5,1.5
342,2925.0,1.0,1.0
343,2935.0,2.0,1.0
344,2945.0,1.5,0.5
345,2955.0,1.0,1.0
346,2965.0,1.0,1.0
347,2975.0,0.5,0.5
348,2985.0,0.0,0.0
349,2995.0,1.5,0.5
350,3005.0,2.0,1.0
351,3015.0,1.5,0.5
352,3025.0,1.0,1.0
353,3035.0,1.5,0.5
354,3045.0,3.5,0.5
355,3055.0,2.5,0.5
356,3065.0,0.5,0.5
357,3075.0,1.0,1.0
358,3085.0,0.5,0.5
359,3095.0,2.5,0.5
360,3105.0,1.5,1.5
361,3115.0,0.5,0.5
362,3125.0,1.5,1.5
363,3135.0,0.5,0.5
364,3145.0,2.0,1.0
365,3155.0,1.0,1.0
366,3165.0,0.5,0.5
367,3175.0,0.5,0.5
368,3185.0,1.0,0.0
369,3195.0,1.0,1.0
370,3205.0,1.0,0.0
371,3215.0,1.5,1.5
372,3225.0,1.0,0.0
373,3235.0,2.0,1.0
374,3245.0,0.0,0.0
375,3255.0,0.0,0.0
376,3265.0,1.0,1.0
377,3275.0,1.5,0.5
378,3285.0,0.0,0.0
379,3295.0,0.5,0.5
380,3305.0,1.0,0.0
381,3315.0,1.0,0.0
382,3325.0,0.5,0.5
383,3335.0,1.5,0.5
384,3345.0,1.0,1.0
385,3355.0,1.5,0.5
386,3365.0,0.5,0.5
387,3375.0,0.0,0.0
388,3385.0,1.5,0.5
389,3395.0,0.0,0.0
390,3405.0,1.0,0.0
391,3415.0,0.5,0.5
392,3425.0,1.0,0.0
393,3435.0,1.0,1.0
394,3445.0,2.0,1.0
395,3455.0,0.0,0.0
396,3465.0,1.5,0.5
397,3475.0,0.0,0.0
398,3485.0,0.5,0.5
399,3495.0,0.0,0.0
400,3505.0,1.5,0.5
401,3515.0,1.0,0.0
402,3525.0,0.5,0.5
403,3535.0,1.0,1.0
404,3545.0,1.0,0.0
405,3555.0,0.5,0.5
406,3565.0,0.5,0.5
407,3575.0,0.0,0.0
408,3585.0,1.0,1.0
409,3595.0,1.5,0.5
410,3605.0,2.0,0.0
411,3615.0,1.0,0.0
412,3625.0,0.5,0.5
413,3635.0,0.5,0.5
414,3645.0,0.5,0.5
415,3655.0,1.0,0.0
416,3665.0,0.0,0.0
417,3675.0,1.0,1.0
418,3685.0,1.0,0.0
419,3695.0,0.0,0.0
420,3705.0,0.5,0.5
421,3715.0,1.0,0.0
422,3725.0,1.0,1.0
423,3735.0,0.5,0.5
424,3745.0,1.0,0.0
425,3755.0,0.5,0.5
426,3765.0,0.5,0.5
427,3775.0,0.5,0.5
428,3785.0,0.0,0.0
429,3795.0,0.5,0.5
430,3805.0,0.0,0.0
431,3815.0,0.0,0.0
432,3825.0,0.0,0.0
433,3835.0,0.0,0.0
434,3845.0,0.0,0.0
435,3855.0,0.0,0.0
436,3865.0,0.5,0.5
437,3875.0,0.0,0.0
438,3885.0,0.0,0.0
439,3895.0,0.0,0.0
440,3905.0,1.5,0.5
441,3915.0,0.5,0.5
442,3925.0,0.0,0.0
443,3935.0,0.0,0.0
444,3945.0,0.5,0.5
445,3955.0,0.0,0.0
446,3965.0,0.0,0.0
447,3975.0,0.0,0.0
448,3985.0,0.0,0.0
449,3995.0,0.5,0.5
450,4005.0,0.0,0.0
451,4015.0,0.0,0.0
452,4025.0,0.0,0.0
453,4035.0,0.0,0.0
454,4045.0,0.0,0.0
455,4055.0,0.0,0.0
456,4065.0,0.0,0.0
457,4075.0,0.0,0.0
458,4085.0,0.0,0.0
459,4095.0,0.0,0.0
460,4105.0,0.0,0.0
461,4115.0,0.0,0.0
462,4125.0,0.0,0.0
463,4135.0,0.0,0.0
464,4145.0,0.0,0.0
465,4155.0,0.0,0.0
466,4165.0,0.0,0.0
467,4175.0,0.0,0.0
468,4185.0,0.0,0.0
469,4195.0,0.0,0.0
470,4205.0,0.0,0.0
471,4215.0,0.0,0.0
472,4225.0,0.0,0.0
473,4235.0,0.0,0.0
474,4245.0,0.0,0.0
475,4255.0,0.0,0.0
476,4265.0,0.5,0.5
477,4275.0,0.0,0.0
478,4285.0,0.0,0.0
479,4295.0,0.0,0.0
480,4305.0,0.0,0.0
481,4315.0,0.0,0.0
482,4325.0,0.0,0.0
483,4335.0,0.5,0.5
484,4345.0,0.0,0.0
485,4355.0,0.0,0.0
486,4365.0,0.0,0.0
487,4375.0,0.0,0.0
488,4385.0,0.0,0.0
489,4395.0,0.0,0.0
490,4405.0,0.0,0.0
491,4415.0,0.0,0.0
492,4425.0,0.0,0.0
493,4435.0,0.0,0.0
494,4445.0,0.0,0.0
495,4455.0,0.0,0.0
496,4465.0,0.0,0.0
497,4475.0,0.0,0.0
498,4485.0,0.0,0.0
499,4495.0,0.0,0.0
500,4505.0,0.0,0.0
501,4515.0,0.0,0.0
502,4525.0,0.0,0.0
503,4535.0,0.0,0.0
504,4545.0,0.0,0.0
505,4555.0,0.0,0.0
506,4565.0,0.0,0.0
507,4575.0,0.0,0.0
508,4585.0,0.0,0.0
509,4595.0,0.0,0.0
510,4605.0,0.0,0.0
511,4615.0,0.0,0.0
512,4625.0,0.0,0.0
513,4635.0,0.0,0.0
514,4645.0,0.0,0.0
515,4655.0,0.0,0.0
516,4665.0,0.0,0.0
517,4675.0,0.0,0.0
518,4685.0,0.0,0.0
519,4695.0,0.0,0.0
520,4705.0,0.0,0.0
521,4715.0,0.0,0.0
522,4725.0,0.0,0.0
523,4735.0,0.0,0.0
524,4745.0,0.0,0.0
525,4755.0,0.0,0.0
526,4765.0,0.0,0.0
527,4775.0,0.0,0.0
528,4785.0,0.0,0.0
529,4795.0,0.0,0.0
530,4805.0,0.0,0.0
531,4815.0,0.0,0.0
532,4825.0,0.0,0.0
533,4835.0,0.0,0.0
534,4845.0,0.0,0.0
535,4855.0,0.0,0.0
536,4865.0,0.0,0.0
537,4875.0,0.0,0.0
538,4885.0,0.0,0.0
539,4895.0,0.0,0.0
540,4905.0,0.0,0.0
541,4915.0,0.0,0.0
542,4925.0,0.0,0.0
543,4935.0,0.0,0.0
544,4945.0,0.0,0.0
545,4955.0,0.0,0.0
546,4965.0,0.0,0.0
547,4975.0,0.0,0.0
548,4985.0,0.0,0.0
549,4995.0,0.0,0.0
550,5005.0,0.0,0.0
551,5015.0,0.0,0.0
552,5025.0,0.0,0.0
553,5035.0,0.0,0.0
554,5045.0,0.0,0.0
555,5055.0,0.0,0.0
556,5065.0,0.0,0.0
557,5075.0,0.0,0.0
558,5085.0,0.0,0.0
559,5095.0,0.0,0.0
560,5105.0,0.0,0.0
561,5115.0,0.0,0.0
562,5125.0,0.0,0.0
563,5135.0,0.0,0.0
564,5145.0,0.0,0.0
565,5155.0,0.0,0.0
566,5165.0,0.0,0.0
567,5175.0,0.0,0.0
568,5185.0,0.0,0.0
569,5195.0,0.0,0.0
570,5205.0,0.0,0.0
571,5215.0,0.0,0.0
572,5225.0,0.0,0.0
573,5235.0,0.0,0.0
574,5245.0,0.0,0.0
575,5255.0,0.0,0.0
576,5265.0,0.0,0.0
577,5275.0,0.0,0.0
578,5285.0,0.0,0.0
579,5295.0,0.0,0.0
580,5305.0,0.0,0.0
581,5315.0,0.0,0.0
582,5325.0,0.0,0.0
583,5335.0,0.0,0.0
584,5345.0,0.0,0.0
585,5355.0,0.0,0.0
586,5365.0,0.0,0.0
587,5375.0,0.0,0.0
588,5385.0,0.5,0.5
589,5395.0,0.0,0.0
590,5405.0,0.0,0.0
591,5415.0,0.0,0.0
592,5425.0,0.0,0.0
593,5435.0,0.5,0.5
594,5445.0,0.0,0.0
595,5455.0,0.0,0.0
596,5465.0,0.0,0.0
597,5475.0,0.0,0.0
598,5485.0,0.0,0.0
599,5495.0,0.0,0.0
600,5505.0,0.0,0.0
601,5515.0,0.0,0.0
602,5525.0,0.0,0.0
603,5535.0,0.0,0.0
604,5545.0,0.0,0.0
605,5555.0,0.0,0.0
606,5565.0,0.0,0.0
607,5575.0,0.0,0.0
608,5585.0,0.0,0.0
609,5595.0,0.0,0.0
610,5605.0,0.0,0.0
611,5615.0,0.0,0.0
612,5625.0,0.0,0.0
613,5635.0,0.0,0.0
614,5645.0,0.0,0.0
615,5655.0,0.0,0.0
616,5665.0,0.0,0.0
617,5675.0,0.0,0.0
618,5685.0,0.0,0.0
619,5695.0,0.0,0.0
620,5705.0,0.0,0.0
621,5715.0,0.0,0.0
622,5725.0,0.0,0.0
623,5735.0,0.0,0.0
624,5745.0,0.0,0.0
625,5755.0,0.0,0.0
626,5765.0,0.0,0.0
627,5775.0,0.0,0.0
628,5785.0,0.0,0.0
629,5795.0,0.0,0.0
630,5805.0,0.0,0.0
631,5815.0,0.0,0.0
632,5825.0,0.0,0.0
633,5835.0,0.0,0.0
634,5845.0,0.0,0.0
635,5855.0,0.0,0.0
636,5865.0,0.0,0.0
637,5875.0,0.0,0.0
638,5885.0,0.0,0.0
639,5895.0,0.0,0.0
640,5905.0,0.0,0.0
641,5915.0,0.0,0.0
642,5925.0,0.0,0.0
643,5935.0,0.0,0.0
644,5945.0,0.0,0.0
645,5955.0,0.0,0.0
646,5965.0,0.0,0.0
647,5975.0,0.0,0.0
648,5985.0,0.0,0.0
649,5995.0,0.0,0.0
650,6005.0,0.0,0.0
651,6015.0,0.0,0.0
652,6025.0,0.0,0.0
653,6035.0,0.0,0.0
654,6045.0,0.0,0.0
655,6055.0,0.0,0.0
656,6065.0,0.0,0.0
657,6075.0,0.0,0.0
658,6085.0,0.0,0.0
659,6095.0,0.0,0.0
660,6105.0,0.0,0.0
661,6115.0,0.0,0.0
662,6125.0,0.0,0.0
663,6135.0,0.0,0.0
664,6145.0,0.0,0.0
665,6155.0,0.0,0.0
666,6165.0,0.0,0.0
667,6175.0,0.0,0.0
668,6185.0,0.0,0.0
669,6195.0,0.0,0.0
670,6205.0,0.0,0.0
671,6215.0,0.0,0.0
672,6225.0,0.0,0.0
673,6235.0,0.0,0.0
674,6245.0,0.0,0.0
675,6255.0,0.0,0.0
676,6265.0,0.0,0.0
677,6275.0,0.0,0.0
678,6285.0,0.0,0.0
679,6295.0,0.0,0.0
680,6305.0,0.5,0.5
681,6315.0,0.0,0.0
682,6325.0,0.0,0.0
683,6335.0,0.0,0.0
684,6345.0,0.0,0.0
685,6355.0,0.0,0.0
686,6365.0,0.0,0.0
687,6375.0,0.0,0.0
688,6385.0,0.0,0.0
689,6395.0,0.0,0.0
690,6405.0,0.0,0.0
691,6415.0,0.0,0.0
692,6425.0,0.0,0.0
693,6435.0,0.0,0.0
694,6445.0,0.0,0.0
695,6455.0,0.0,0.0
696,6465.0,0.0,0.0
697,6475.0,0.0,0.0
698,6485.0,0.0,0.0
699,6495.0,0.0,0.0
700,6505.0,0.0,0.0
701,6515.0,0.0,0.0
702,6525.0,0.0,0.0
703,6535.0,0.0,0.0
704,6545.0,0.0,0.0
705,6555.0,0.0,0.0
706,6565.0,0.0,0.0
707,6575.0,0.0,0.0
708,6585.0,0.0,0.0
709,6595.0,0.0,0.0
710,6605.0,0.0,0.0
711,6615.0,0.0,0.0
712,6625.0,0.0,0.0
713,6635.0,0.0,0.0
714,6645.0,0.0,0.0
715,6655.0,0.0,0.0
716,6665.0,0.0,0.0
717,6675.0,0.0,0.0
718,6685.0,0.0,0.0
719,6695.0,0.0,0.0
720,6705.0,0.0,0.0
721,6715.0,0.0,0.0
722,6725.0,0.0,0.0
723,6735.0,0.0,0.0
724,6745.0,0.0,0.0
725,6755.0,0.0,0.0
726,6765.0,0.0,0.0
727,6775.0,0.0,0.0
728,6785.0,0.0,0.0
729,6795.0,0.0,0.0
730,6805.0,0.0,0.0
731,6815.0,0.0,0.0
732,6825.0,0.0,0.0
733,6835.0,0.0,0.0
734,6845.0,0.0,0.0
735,6855.0,0.0,0.0
736,6865.0,0.0,0.0
737,6875.0,0.0,0.0
738,6885.0,0.0,0.0
739,6895.0,0.0,0.0
740,6905.0,0.0,0.0
741,6915.0,0.0,0.0
742,6925.0,0.0,0.0
743,6935.0,0.0,0.0
744,6945.0,0.0,0.0
745,6955.0,0.0,0.0
746,6965.0,0.0,0.0
747,6975.0,0.0,0.0
748,6985.0,0.0,0.0
749,6995.0,0.0,0.0
750,7005.0,0.0,0.0
751,7015.0,0.0,0.0
752,7025.0,0.0,0.0
753,7035.0,0.0,0.0
754,7045.0,0.0,0.0
755,7055.0,0.0,0.0
756,7065.0,0.0,0.0
757,7075.0,0.0,0.0
758,7085.0,0.0,0.0
759,7095.0,0.0,0.0
760,7105.0,0.0,0.0
761,7115.0,0.0,0.0
762,7125.0,0.0,0.0
763,7135.0,0.0,0.0
764,7145.0,0.0,0.0
765,7155.0,0.0,0.0
766,7165.0,0.0,0.0
767,7175.0,0.0,0.0
768,7185.0,0.0,0.0
769,7195.0,0.0,0.0
770,7205.0,0.0,0.0
771,7215.0,0.0,0.0
772,7225.0,0.0,0.0
773,7235.0,0.0,0.0
774,7245.0,0.0,0.0
775,7255.0,0.0,0.0
776,7265.0,0.0,0.0
777,7275.0,0.0,0.0
778,7285.0,0.0,0.0
779,7295.0,0.0,0.0
780,7305.0,0.0,0.0
781,7315.0,0.0,0.0
782,7325.0,0.0,0.0
783,7335.0,0.0,0.0
784,7345.0,0.0,0.0
785,7355.0,0.0,0.0
786,7365.0,0.0,0.0
787,7375.0,0.0,0.0
788,7385.0,0.0,0.0
789,7395.0,0.0,0.0
790,7405.0,0.0,0.0
791,7415.0,0.0,0.0
792,7425.0,0.0,0.0
793,7435.0,0.0,0.0
794,7445.0,0.0,0.0
795,7455.0,0.0,0.0
796,7465.0,0.0,0.0
797,7475.0,0.0,0.0
798,7485.0,0.0,0.0
799,7495.0,0.0,0.0
800,7505.0,0.0,0.0
801,7515.0,0.0,0.0
802,7525.0,0.0,0.0
803,7535.0,0.0,0.0
804,7545.0,0.0,0.0
805,7555.0,0.0,0.0
806,7565.0,0.0,0.0
807,7575.0,0.0,0.0
808,7585.0,0.0,0.0
809,7595.0,0.0,0.0
810,7605.0,0.0,0.0
811,7615.0,0.0,0.0
812,7625.0,0.0,0.0
813,7635.0,0.0,0.0
814,7645.0,0.0,0.0
815,7655.0,0.0,0.0
816,7665.0,0.0,0.0
817,7675.0,0.0,0.0
818,7685.0,0.0,0.0
819,7695.0,0.0,0.0
820,7705.0,0.0,0.0
821,7715.0,0.0,0.0
822,7725.0,0.0,0.0
823,7735.0,0.0,0.0
824,7745.0,0.0,0.0
825,7755.0,0.0,0.0
826,7765.0,0.0,0.0
827,7775.0,0.0,0.0
828,7785.0,0.0,0.0
829,7795.0,0.0,0.0
830,7805.0,0.0,0.0
831,7815.0,0.0,0.0
832,7825.0,0.0,0.0
833,7835.0,0.0,0.0
834,7845.0,0.0,0.0
835,7855.0,0.0,0.0
836,7865.0,0.0,0.0
837,7875.0,0.0,0.0
838,7885.0,0.0,0.0
839,7895.0,0.0,0.0
840,7905.0,0.0,0.0
841,7915.0,0.0,0.0
842,7925.0,0.0,0.0
843,7935.0,0.0,0.0
844,7945.0,0.0,0.0
845,7955.0,0.0,0.0
846,7965.0,0.0,0.0
847,7975.0,0.0,0.0
848,7985.0,0.0,0.0
849,7995.0,0.0,0.0
850,8005.0,0.0,0.0
851,8015.0,0.0,0.0
852,8025.0,0.0,0.0
853,8035.0,0.0,0.0
854,8045.0,0.0,0.0
855,8055.0,0.0,0.0
856,8065.0,0.0,0.0
857,8075.0,0.0,0.0
858,8085.0,0.0,0.0
859,8095.0,0.0,0.0
860,8105.0,0.0,0.0
861,8115.0,0.0,0.0
862,8125.0,0.0,0.0
863,8135.0,0.0,0.0
864,8145.0,0.0,0.0
865,8155.0,0.0,0.0
866,8165.0,0.0,0.0
867,8175.0,0.0,0.0
868,8185.0,0.0,0.0
869,8195.0,0.0,0.0
870,8205.0,0.0,0.0
871,8215.0,0.0,0.0
872,8225.0,0.0,0.0
873,8235.0,0.0,0.0
874,8245.0,0.0,0.0
875,8255.0,0.0,0.0
876,8265.0,0.0,0.0
877,8275.0,0.0,0.0
878,8285.0,0.0,0.0
879,8295.0,0.0,0.0
880,8305.0,0.0,0.0
881,8315.0,0.0,0.0
882,8325.0,0.0,0.0
883,8335.0,0.0,0.0
884,8345.0,0.0,0.0
885,8355.0,0.0,0.0
886,8365.0,0.0,0.0
887,8375.0,0.0,0.0
888,8385.0,0.0,0.0
889,8395.0,0.0,0.0
890,8405.0,0.0,0.0
891,8415.0,0.0,0.0
892,8425.0,0.0,0.0
893,8435.0,0.0,0.0
894,8445.0,0.0,0.0
895,8455.0,0.0,0.0
896,8465.0,0.0,0.0
897,8475.0,0.0,0.0
898,8485.0,0.0,0.0
899,8495.0,0.0,0.0
900,8505.0,0.0,0.0
901,8515.0,0.0,0.0
902,8525.0,0.0,0.0
903,8535.0,0.0,0.0
904,8545.0,0.0,0.0
905,8555.0,0.0,0.0
906,8565.0,0.0,0.0
907,8575.0,0.0,0.0
908,8585.0,0.0,0.0
909,8595.0,0.0,0.0
910,8605.0,0.0,0.0
911,8615.0,0.0,0.0
912,8625.0,0.0,0.0
913,8635.0,0.0,0.0
914,8645.0,0.0,0.0
915,8655.0,0.0,0.0
916,8665.0,0.0,0.0
917,8675.0,0.0,0.0
918,8685.0,0.0,0.0
919,8695.0,0.0,0.0
920,8705.0,0.0,0.0
921,8715.0,0.0,0.0
922,8725.0,0.0,0.0
923,8735.0,0.0,0.0
924,8745.0,0.0,0.0
925,8755.0,0.0,0.0
926,8765.0,0.0,0.0
927,8775.0,0.0,0.0
928,8785.0,0.0,0.0
929,8795.0,0.0,0.0
930,8805.0,0.0,0.0
931,8815.0,0.0,0.0
932,8825.0,0.0,0.0
933,8835.0,0.0,0.0
934,8845.0,0.0,0.0
935,8855.0,0.0,0.0
936,8865.0,0.0,0.0
937,8875.0,0.0,0.0
938,8885.0,0.0,0.0
939,8895.0,0.0,0.0
940,8905.0,0.0,0.0
941,8915.0,0.0,0.0
942,8925.0,0.0,0.0
943,8935.0,0.0,0.0
944,8945.0,0.0,0.0
945,8955.0,0.0,0.0
946,8965.0,0.0,0.0
947,8975.0,0.0,0.0
948,8985.0,0.0,0.0
949,8995.0,0.0,0.0
950,9005.0,0.0,0.0
951,9015.0,0.0,0.0
952,9025.0,0.0,0.0
953,9035.0,0.0,0.0
954,9045.0,0.0,0.0
955,9055.0,0.0,0.0
956,9065.0,0.0,0.0
957,9075.0,0.0,0.0
958,9085.0,0.0,0.0
959,9095.0,0.0,0.0
960,9105.0,0.0,0.0
961,9115.0,0.0,0.0
962,9125.0,0.0,0.0
963,9135.0,0.0,0.0
964,9145.0,0.0,0.0
965,9155.0,0.0,0.0
966,9165.0,0.0,0.0
967,9175.0,0.0,0.0
968,9185.0,0.0,0.0
969,9195.0,0.0,0.0
970,9205.0,0.0,0.0
971,9215.0,0.0,0.0
972,9225.0,0.0,0.0
973,9235.0,0.0,0.0
974,9245.0,0.0,0.0
975,9255.0,0.0,0.0
976,9265.0,0.0,0.0
977,9275.0,0.0,0.0
978,9285.0,0.0,0.0
979,9295.0,0.0,0.0
980,9305.0,0.0,0.0
981,9315.0,0.0,0.0
982,9325.0,0.0,0.0
983,9335.0,0.0,0.0
984,9345.0,0.0,0.0
985,9355.0,0.0,0.0
986,9365.0,0.0,0.0
987,9375.0,0.0,0.0
988,9385.0,0.0,0.0
989,9395.0,0.0,0.0
990,9405.0,0.0,0.0
991,9415.0,0.0,0.0
992,9425.0,0.0,0.0
993,9435.0,0.0,0.0
994,9445.0,0.0,0.0
995,9455.0,0.0,0.0
996,9465.0,0.0,0.0
997,9475.0,0.0,0.0
998,9485.0,0.0,0.0
999,9495.0,0.0,0.0
1000,9505.0,0.0,0.0
1001,9515.0,0.0,0.0
1002,9525.0,0.0,0.0
1003,9535.0,0.0,0.0
1004,9545.0,0.0,0.0
1005,9555.0,0.0,0.0
1006,9565.0,0.0,0.0
1007,9575.0,0.0,0.0
1008,9585.0,0.0,0.0
1009,9595.0,0.0,0.0
1010,9605.0,0.0,0.0
1011,9615.0,0.0,0.0
1012,9625.0,0.0,0.0
1013,9635.0,0.0,0.0
1014,9645.0,0.0,0.0
1015,9655.0,0.0,0.0
1016,9665.0,0.0,0.0
1017,9675.0,0.0,0.0
1018,9685.0,0.0,0.0
1019,9695.0,0.0,0.0
1020,9705.0,0.0,0.0
1021,9715.0,0.0,0.0
1022,9725.0,0.0,0.0
1023,9735.0,0.0,0.0
1024,9745.0,0.0,0.0
1025,9755.0,0.0,0.0
1026,9765.0,0.0,0.0
1027,9775.0,0.0,0.0
1028,9785.0,0.0,0.0
1029,9795.0,0.0,0.0
1030,9805.0,0.0,0.0
1031,9815.0,0.0,0.0
1032,9825.0,0.0,0.0
1033,9835.0,0.0,0.0
1034,9845.0,0.0,0.0
1035,9855.0,0.0,0.0
1036,9865.0,0.0,0.0
1037,9875.0,0.0,0.0
1038,9885.0,0.0,0.0
1039,9895.0,0.0,0.0
1040,9905.0,0.0,0.0
1041,9915.0,0.0,0.0
1042,9925.0,0.0,0.0
1043,9935.0,0.0,0.0
1044,9945.0,0.0,0.0
1045,9955.0,0.0,0.0
1046,9965.0,0.0,0.0
1047,9975.0,0.0,0.0
1048,9985.0,0.0,0.0
1049,9995.0,0.0,0.0
1050,10005.0,0.0,0.0
1051,10015.0,0.0,0.0
1052,10025.0,0.0,0.0
1053,10035.0,0.0,0.0
1054,10045.0,0.0,0.0
1055,10055.0,0.0,0.0
1056,10065.0,0.0,0.0
1057,10075.0,0.0,0.0
1058,10085.0,0.0,0.0
1059,10095.0,0.0,0.0
1060,10105.0,0.0,0.0
1061,10115.0,0.0,0.0
1062,10125.0,0.0,0.0
1063,10135.0,0.0,0.0
1064,10145.0,0.0,0.0
1065,10155.0,0.0,0.0
1066,10165.0,0.0,0.0
1067,10175.0,0.0,0.0
1068,10185.0,0.0,0.0
1069,10195.0,0.0,0.0
1070,10205.0,0.0,0.0
1071,10215.0,0.0,0.0
1072,10225.0,0.0,0.0
1073,10235.0,0.0,0.0
1074,10245.0,0.0,0.0
1075,10255.0,0.0,0.0
1076,10265.0,0.0,0.0
1077,10275.0,0.0,0.0
1078,10285.0,0.0,0.0
1079,10295.0,0.0,0.0
1080,10305.0,0.0,0.0
1081,10315.0,0.0,0.0
1082,10325.0,0.0,0.0
1083,10335.0,0.0,0.0
1084,10345.0,0.0,0.0
1085,10355.0,0.0,0.0
1086,10365.0,0.0,0.0
1087,10375.0,0.0,0.0
1088,10385.0,0.0,0.0
1089,10395.0,0.0,0.0
1090,10405.0,0.0,0.0
1091,10415.0,0.0,0.0
1092,10425.0,0.0,0.0
1093,10435.0,0.0,0.0
1094,10445.0,0.0,0.0
1095,10455.0,0.0,0.0
1096,10465.0,0.0,0.0
1097,10475.0,0.0,0.0
1098,10485.0,0.0,0.0
1099,10495.0,0.0,0.0
1100,10505.0,0.0,0.0
1101,10515.0,0.0,0.0
1102,10525.0,0.0,0.0
1103,10535.0,0.0,0.0
1104,10545.0,0.0,0.0
1105,10555.0,0.0,0.0
1106,10565.0,0.0,0.0
1107,10575.0,0.0,0.0
1108,10585.0,0.0,0.0
1109,10595.0,0.0,0.0
1110,10605.0,0.0,0.0
1111,10615.0,0.0,0.0
1112,10625.0,0.0,0.0
1113,10635.0,0.0,0.0
1114,10645.0,0.0,0.0
1115,10655.0,0.0,0.0
1116,10665.0,0.0,0.0
1117,10675.0,0.0,0.0
1118,10685.0,0.0,0.0
1119,10695.0,0.0,0.0
1120,10705.0,0.0,0.0
1121,10715.0,0.0,0.0
1122,10725.0,0.0,0.0
1123,10735.0,0.0,0.0
1124,10745.0,0.0,0.0
1125,10755.0,0.0,0.0
1126,10765.0,0.0,0.0
1127,10775.0,0.0,0.0
1128,10785.0,0.0,0.0
1129,10795.0,0.0,0.0
1130,10805.0,0.0,0.0
1131,10815.0,0.0,0.0
1132,10825.0,0.0,0.0
1133,10835.0,0.0,0.0
1134,10845.0,0.0,0.0
1135,10855.0,0.0,0.0
1136,10865.0,0.0,0.0
1137,10875.0,0.0,0.0
1138,10885.0,0.0,0.0
1139,10895.0,0.0,0.0
1140,10905.0,0.0,0.0
1141,10915.0,0.0,0.0
1142,10925.0,0.0,0.0
1143,10935.0,0.0,0.0
1144,10945.0,0.0,0.0
1145,10955.0,0.0,0.0
1146,10965.0,0.0,0.0
1147,10975.0,0.0,0.0
1148,10985.0,0.0,0.0
1149,10995.0,0.0,0.0
1150,11005.0,0.0,0.0
1151,11015.0,0.0,0.0
1152,11025.0,0.0,0.0
1153,11035.0,0.0,0.0
1154,11045.0,0.0,0.0
1155,11055.0,0.0,0.0
1156,11065.0,0.0,0.0
1157,11075.0,0.0,0.0
1158,11085.0,0.0,0.0
1159,11095.0,0.0,0.0
1160,11105.0,0.0,0.0
1161,11115.0,0.0,0.0
1162,11125.0,0.0,0.0
1163,11135.0,0.0,0.0
1164,11145.0,0.0,0.0
1165,11155.0,0.0,0.0
1166,11165.0,0.0,0.0
1167,11175.0,0.0,0.0
1168,11185.0,0.0,0.0
1169,11195.0,0.0,0.0
1170,11205.0,0.0,0.0
1171,11215.0,0.0,0.0
1172,11225.0,0.0,0.0
1173,11235.0,0.0,0.0
1174,11245.0,0.0,0.0
1175,11255.0,0.0,0.0
1176,11265.0,0.0,0.0
1177,11275.0,0.0,0.0
1178,11285.0,0.0,0.0
1179,11295.0,0.0,0.0
1180,11305.0,0.0,0.0
1181,11315.0,0.0,0.0
1182,11325.0,0.0,0.0
1183,11335.0,0.0,0.0
1184,11345.0,0.0,0.0
1185,11355.0,0.0,0.0
1186,11365.0,0.0,0.0
1187,11375.0,0.0,0.0
1188,11385.0,0.0,0.0
1189,11395.0,0.0,0.0
1190,11405.0,0.0,0.0
1191,11415.0,0.0,0.0
1192,11425.0,0.0,0.0
1193,11435.0,0.0,0.0
1194,11445.0,0.0,0.0
1195,11455.0,0.0,0.0
1196,11465.0,0.0,0.0
1197,11475.0,0.0,0.0
1198,11485.0,0.0,0.0
1199,11495.0,0.0,0.0
1200,11505.0,0.0,0.0
1201,11515.0,0.0,0.0
1202,11525.0,0.0,0.0
1203,11535.0,0.0,0.0
1204,11545.0,0.0,0.0
1205,11555.0,0.0,0.0
1206,11565.0,0.0,0.0
1207,11575.0,0.0,0.0
1208,11585.0,0.0,0.0
1209,11595.0,0.0,0.0
1210,11605.0,0.0,0.0
1211,11615.0,0.0,0.0
1212,11625.0,0.0,0.0
1213,11635.0,0.0,0.0
1214,11645.0,0.0,0.0
1215,11655.0,0.0,0.0
1216,11665.0,0.0,0.0
1217,11675.0,0.0,0.0
1218,11685.0,0.0,0.0
1219,11695.0,0.0,0.0
1220,11705.0,0.0,0.0
1221,11715.0,0.0,0.0
1222,11725.0,0.0,0.0
1223,11735.0,0.0,0.0
1224,11745.0,0.0,0.0
1225,11755.0,0.0,0.0
1226,11765.0,0.0,0.0
1227,11775.0,0.0,0.0
1228,11785.0,0.0,0.0
1229,11795.0,0.0,0.0
1230,11805.0,0.0,0.0
1231,11815.0,0.0,0.0
1232,11825.0,0.0,0.0
1233,11835.0,0.0,0.0
1234,11845.0,0.0,0.0
1235,11855.0,0.0,0.0
1236,11865.0,0.0,0.0
1237,11875.0,0.0,0.0
1238,11885.0,0.0,0.0
1239,11895.0,0.0,0.0
1240,11905.0,0.0,0.0
1241,11915.0,0.0,0.0
1242,11925.0,0.0,0.0
1243,11935.0,0.0,0.0
1244,11945.0,0.0,0.0
1245,11955.0,0.0,0.0
1246,11965.0,0.0,0.0
1247,11975.0,0.0,0.0
1248,11985.0,0.0,0.0
1249,11995.0,0.0,0.0
1250,12005.0,0.0,0.0
1251,12015.0,0.0,0.0
1252,12025.0,0.0,0.0
1253,12035.0,0.0,0.0
1254,12045.0,0.0,0.0
1255,12055.0,0.0,0.0
1256,12065.0,0.0,0.0
1257,12075.0,0.0,0.0
1258,12085.0,0.0,0.0
1259,12095.0,0.0,0.0
1260,12105.0,0.0,0.0
1261,12115.0,0.0,0.0
1262,12125.0,0.0,0.0
1263,12135.0,0.0,0.0
1264,12145.0,0.0,0.0
1265,12155.0,0.0,0.0
1266,12165.0,0.0,0.0
1267,12175.0,0.0,0.0
1268,12185.0,0.0,0.0
1269,12195.0,0.0,0.0
1270,12205.0,0.0,0.0
1271,12215.0,0.0,0.0
1272,12225.0,0.0,0.0
1273,12235.0,0.0,0.0
1274,12245.0,0.0,0.0
1275,12255.0,0.0,0.0
1276,12265.0,0.0,0.0
1277,12275.0,0.0,0.0
1278,12285.0,0.0,0.0
1279,12295.0,0.0,0.0
1280,12305.0,0.0,0.0
1281,12315.0,0.0,0.0
1282,12325.0,0.0,0.0
1283,12335.0,0.0,0.0
1284,12345.0,0.0,0.0
1285,12355.0,0.0,0.0
1286,12365.0,0.0,0.0
1287,12375.0,0.0,0.0
1288,12385.0,0.0,0.0
1289,12395.0,0.0,0.0
1290,12405.0,0.0,0.0
1291,12415.0,0.0,0.0
1292,12425.0,0.0,0.0
1293,12435.0,0.0,0.0
1294,12445.0,0.0,0.0
1295,12455.0,0.0,0.0
1296,12465.0,0.0,0.0
1297,12475.0,0.0,0.0
1298,12485.0,0.0,0.0
1299,12495.0,0.0,0.0
1300,12505.0,0.0,0.0
1301,12515.0,0.0,0.0
1302,12525.0,0.0,0.0
1303,12535.0,0.0,0.0
1304,12545.0,0.0,0.0
1305,12555.0,0.0,0.0
1306,12565.0,0.0,0.0
1307,12575.0,0.0,0.0
1308,12585.0,0.0,0.0
1309,12595.0,0.0,0.0
1310,12605.0,0.0,0.0
1311,12615.0,0.0,0.0
1312,12625.0,0.0,0.0
1313,12635.0,0.0,0.0
1314,12645.0,0.0,0.0
1315,12655.0,0.0,0.0
1316,12665.0,0.0,0.0
1317,12675.0,0.0,0.0
1318,12685.0,0.0,0.0
1319,12695.0,0.0,0.0
1320,12705.0,0.0,0.0
1321,12715.0,0.0,0.0
1322,12725.0,0.0,0.0
1323,12735.0,0.0,0.0
1324,12745.0,0.0,0.0
1325,12755.0,0.0,0.0
1326,12765.0,0.0,0.0
1327,12775.0,0.0,0.0
1328,12785.0,0.0,0.0
1329,12795.0,0.0,0.0
1330,12805.0,0.0,0.0
1331,12815.0,0.0,0.0
1332,12825.0,0.0,0.0
1333,12835.0,0.0,0.0
1334,12845.0,0.0,0.0
1335,12855.0,0.0,0.0
1336,12865.0,0.0,0.0
1337,12875.0,0.0,0.0
1338,12885.0,0.0,0.0
1339,12895.0,0.0,0.0
1340,12905.0,0.0,0.0
1341,12915.0,0.0,0.0
1342,12925.0,0.0,0.0
1343,12935.0,0.0,0.0
1344,12945.0,0.0,0.0
1345,12955.0,0.0,0.0
1346,12965.0,0.0,0.0
1347,12975.0,0.0,0.0
1348,12985.0,0.0,0.0
1349,12995.0,0.0,0.0
1350,13005.0,0.0,0.0
1351,13015.0,0.0,0.0
1352,13025.0,0.0,0.0
1353,13035.0,0.0,0.0
1354,13045.0,0.0,0.0
1355,13055.0,0.0,0.0
1356,13065.0,0.0,0.0
1357,13075.0,0.0,0.0
1358,13085.0,0.0,0.0
1359,13095.0,0.0,0.0
1360,13105.0,0.0,0.0
1361,13115.0,0.0,0.0
1362,13125.0,0.0,0.0
1363,13135.0,0.0,0.0
1364,13145.0,0.0,0.0
1365,13155.0,0.0,0.0
1366,13165.0,0.0,0.0
1367,13175.0,0.0,0.0
1368,13185.0,0.0,0.0
1369,13195.0,0.0,0.0
1370,13205.0,0.0,0.0
1371,13215.0,0.0,0.0
1372,13225.0,0.0,0.0
1373,13235.0,0.0,0.0
1374,13245.0,0.0,0.0
1375,13255.0,0.0,0.0
1376,13265.0,0.0,0.0
1377,13275.0,0.0,0.0
1378,13285.0,0.0,0.0
1379,13295.0,0.0,0.0
1380,13305.0,0.0,0.0
1381,13315.0,0.0,0.0
1382,13325.0,0.0,0.0
1383,13335.0,0.0,0.0
1384,13345.0,0.0,0.0
1385,13355.0,0.0,0.0
1386,13365.0,0.0,0.0
1387,13375.0,0.0,0.0
1388,13385.0,0.0,0.0
1389,13395.0,0.0,0.0
1390,13405.0,0.0,0.0
1391,13415.0,0.0,0.0
1392,13425.0,0.0,0.0
1393,13435.0,0.0,0.0
1394,13445.0,0.0,0.0
1395,13455.0,0.0,0.0
1396,13465.0,0.0,0.0
1397,13475.0,0.0,0.0
1398,13485.0,0.0,0.0
1399,13495.0,0.0,0.0
1400,13505.0,0.0,0.0
1401,13515.0,0.0,0.0
1402,13525.0,0.0,0.0
1403,13535.0,0.0,0.0
1404,13545.0,0.0,0.0
1405,13555.0,0.0,0.0
1406,13565.0,0.0,0.0
1407,13575.0,0.0,0.0
1408,13585.0,0.0,0.0
1409,13595.0,0.0,0.0
1410,13605.0,0.0,0.0
1411,13615.0,0.0,0.0
1412,13625.0,0.0,0.0
1413,13635.0,0.0,0.0
1414,13645.0,0.0,0.0
1415,13655.0,0.0,0.0
1416,13665.0,0.0,0.0
1417,13675.0,0.0,0.0
1418,13685.0,0.0,0.0
1419,13695.0,0.0,0.0
1420,13705.0,0.0,0.0
1421,13715.0,0.0,0.0
1422,13725.0,0.0,0.0
1423,13735.0,0.0,0.0
1424,13745.0,0.0,0.0
1425,13755.0,0.0,0.0
1426,13765.0,0.0,0.0
1427,13775.0,0.0,0.0
1428,13785.0,0.0,0.0
1429,13795.0,0.0,0.0
1430,13805.0,0.0,0.0
1431,13815.0,0.0,0.0
1432,13825.0,0.0,0.0
1433,13835.0,0.0,0.0
1434,13845.0,0.0,0.0
1435,13855.0,0.0,0.0
1436,13865.0,0.0,0.0
1437,13875.0,0.0,0.0
1438,13885.0,0.0,0.0
1439,13895.0,0.0,0.0
1440,13905.0,0.0,0.0
1441,13915.0,0.0,0.0
1442,13925.0,0.0,0.0
1443,13935.0,0.0,0.0
1444,13945.0,0.0,0.0
1445,13955.0,0.0,0.0
1446,13965.0,0.0,0.0
1447,13975.0,0.0,0.0
1448,13985.0,0.0,0.0
1449,13995.0,0.0,0.0
1450,14005.0,0.0,0.0
1451,14015.0,0.0,0.0
1452,14025.0,0.0,0.0
1453,14035.0,0.0,0.0
1454,14045.0,0.0,0.0
1455,14055.0,0.0,0.0
1456,14065.0,0.0,0.0
1457,14075.0,0.0,0.0
1458,14085.0,0.0,0.0
1459,14095.0,0.0,0.0
1460,14105.0,0.0,0.0
1461,14115.0,0.0,0.0
1462,14125.0,0.0,0.0
1463,14135.0,0.0,0.0
1464,14145.0,0.0,0.0
1465,14155.0,0.0,0.0
1466,14165.0,0.0,0.0
1467,14175.0,0.0,0.0
1468,14185.0,0.0,0.0
1469,14195.0,0.0,0.0
1470,14205.0,0.0,0.0
1471,14215.0,0.0,0.0
1472,14225.0,0.0,0.0
1473,14235.0,0.0,0.0
1474,14245.0,0.0,0.0
1475,14255.0,0.0,0.0
1476,14265.0,0.0,0.0
1477,14275.0,0.0,0.0
1478,14285.0,0.0,0.0
1479,14295.0,0.0,0.0
1480,14305.0,0.0,0.0
1481,14315.0,0.0,0.0
1482,14325.0,0.0,0.0
1483,14335.0,0.0,0.0
1484,14345.0,0.0,0.0
1485,14355.0,0.0,0.0
1486,14365.0,0.0,0.0
1487,14375.0,0.0,0.0
1488,14385.0,0.0,0.0
1489,14395.0,0.0,0.0
1490,14405.0,0.0,0.0
1491,14415.0,0.0,0.0
1492,14425.0,0.0,0.0
1493,14435.0,0.0,0.0
1494,14445.0,0.0,0.0
1495,14455.0,0.0,0.0
1496,14465.0,0.0,0.0
1497,14475.0,0.0,0.0
1498,14485.0,0.0,0.0
1499,14495.0,0.0,0.0
1500,14505.0,0.0,0.0
1501,14515.0,0.0,0.0
1502,14525.0,0.0,0.0
1503,14535.0,0.0,0.0
1504,14545.0,0.0,0.0
1505,14555.0,0.0,0.0
1506,14565.0,0.0,0.0
1507,14575.0,0.0,0.0
1508,14585.0,0.0,0.0
1509,14595.0,0.0,0.0
1510,14605.0,0.0,0.0
1511,14615.0,0.0,0.0
1512,14625.0,0.0,0.0
1513,14635.0,0.0,0.0
1514,14645.0,0.0,0.0
1515,14655.0,0.0,0.0
1516,14665.0,0.0,0.0
1517,14675.0,0.0,0.0
1518,14685.0,0.0,0.0
1519,14695.0,0.0,0.0
1520,14705.0,0.0,0.0
1521,14715.0,0.0,0.0
1522,14725.0,0.0,0.0
1523,14735.0,0.0,0.0
1524,14745.0,0.0,0.0
1525,14755.0,0.0,0.0
1526,14765.0,0.0,0.0
1527,14775.0,0.0,0.0
1528,14785.0,0.0,0.0
1529,14795.0,0.0,0.0
1530,14805.0,0.0,0.0
1531,14815.0,0.0,0.0
1532,14825.0,0.0,0.0
1533,14835.0,0.0,0.0
1534,14845.0,0.0,0.0
1535,14855.0,0.0,0.0
1536,14865.0,0.0,0.0
1537,14875.0,0.0,0.0
1538,14885.0,0.0,0.0
1539,14895.0,0.0,0.0
1540,14905.0,0.0,0.0
1541,14915.0,0.0,0.0
1542,14925.0,0.0,0.0
1543,14935.0,0.0,0.0
1544,14945.0,0.0,0.0
1545,14955.0,0.0,0.0
1546,14965.0,0.0,0.0
1547,14975.0,0.0,0.0
1548,14985.0,0.0,0.0
1549,14995.0,0.0,0.0
1550,15005.0,0.0,0.0
1551,15015.0,0.0,0.0
1552,15025.0,0.0,0.0
1553,15035.0,0.0,0.0
1554,15045.0,0.0,0.0
1555,15055.0,0.0,0.0
1556,15065.0,0.0,0.0
1557,15075.0,0.0,0.0
1558,15085.0,0.0,0.0
1559,15095.0,0.0,0.0
1560,15105.0,0.0,0.0
1561,15115.0,0.0,0.0
1562,15125.0,0.0,0.0
1563,15135.0,0.0,0.0
1564,15145.0,0.0,0.0
1565,15155.0,0.0,0.0
1566,15165.0,0.0,0.0
1567,15175.0,0.0,0.0
1568,15185.0,0.0,0.0
1569,15195.0,0.0,0.0
1570,15205.0,0.0,0.0
1571,15215.0,0.0,0.0
1572,15225.0,0.0,0.0
1573,15235.0,0.0,0.0
1574,15245.0,0.0,0.0
1575,15255.0,0.0,0.0
1576,15265.0,0.0,0.0
1577,15275.0,0.0,0.0
1578,15285.0,0.0,0.0
1579,15295.0,0.0,0.0
1580,15305.0,0.0,0.0
1581,15315.0,0.0,0.0
1582,15325.0,0.0,0.0
1583,15335.0,0.0,0.0
1584,15345.0,0.0,0.0
1585,15355.0,0.0,0.0
1586,15365.0,0.0,0.0
1587,15375.0,0.0,0.0
1588,15385.0,0.0,0.0
1589,15395.0,0.0,0.0
1590,15405.0,0.0,0.0
1591,15415.0,0.0,0.0
1592,15425.0,0.0,0.0
1593,15435.0,0.0,0.0
1594,15445.0,0.0,0.0
1595,15455.0,0.0,0.0
1596,15465.0,0.0,0.0
1597,15475.0,0.0,0.0
1598,15485.0,0.0,0.0
1599,15495.0,0.0,0.0
1600,15505.0,0.0,0.0
1601,15515.0,0.0,0.0
1602,15525.0,0.0,0.0
1603,15535.0,0.0,0.0
1604,15545.0,0.0,0.0
1605,15555.0,0.0,0.0
1606,15565.0,0.0,0.0
1607,15575.0,0.0,0.0
1608,15585.0,0.0,0.0
1609,15595.0,0.0,0.0
1610,15605.0,0.0,0.0
1611,15615.0,0.0,0.0
1612,15625.0,0.0,0.0
1613,15635.0,0.0,0.0
1614,15645.0,0.0,0.0
1615,15655.0,0.0,0.0
1616,15665.0,0.0,0.0
1617,15675.0,0.0,0.0
1618,15685.0,0.0,0.0
1619,15695.0,0.0,0.0
1620,15705.0,0.0,0.0
1621,15715.0,0.0,0.0
1622,15725.0,0.0,0.0
1623,15735.0,0.0,0.0
1624,15745.0,0.0,0.0
1625,15755.0,0.0,0.0
1626,15765.0,0.0,0.0
1627,15775.0,0.0,0.0
1628,15785.0,0.0,0.0
1629,15795.0,0.0,0.0
1630,15805.0,0.0,0.0
1631,15815.0,0.0,0.0
1632,15825.0,0.0,0.0
1633,15835.0,0.0,0.0
1634,15845.0,0.0,0.0
1635,15855.0,0.0,0.0
1636,15865.0,0.0,0.0
1637,15875.0,0.0,0.0
1638,15885.0,0.0,0.0
1639,15895.0,0.0,0.0
1640,15905.0,0.0,0.0
1641,15915.0,0.0,0.0
1642,15925.0,0.0,0.0
1643,15935.0,0.0,0.0
1644,15945.0,0.0,0.0
1645,15955.0,0.0,0.0
1646,15965.0,0.0,0.0
1647,15975.0,0.0,0.0
1648,15985.0,0.0,0.0
1649,15995.0,0.0,0.0
1650,16005.0,0.0,0.0
1651,16015.0,0.0,0.0
1652,16025.0,0.0,0.0
1653,16035.0,0.0,0.0
1654,16045.0,0.0,0.0
1655,16055.0,0.0,0.0
1656,16065.0,0.0,0.0
1657,16075.0,0.0,0.0
1658,16085.0,0.0,0.0
1659,16095.0,0.0,0.0
1660,16105.0,0.0,0.0
1661,16115.0,0.0,0.0
1662,16125.0,0.0,0.0
1663,16135.0,0.0,0.0
1664,16145.0,0.0,0.0
1665,16155.0,0.0,0.0
1666,16165.0,0.0,0.0
1667,16175.0,0.0,0.0
1668,16185.0,0.0,0.0
1669,16195.0,0.0,0.0
1670,16205.0,0.0,0.0
1671,16215.0,0.0,0.0
1672,16225.0,0.0,0.0
1673,16235.0,0.0,0.0
1674,16245.0,0.0,0.0
1675,16255.0,0.0,0.0
1676,16265.0,0.0,0.0
1677,16275.0,0.0,0.0
1678,16285.0,0.0,0.0
1679,16295.0,0.0,0.0
1680,16305.0,0.0,0.0
1681,16315.0,0.0,0.0
1682,16325.0,0.0,0.0
1683,16335.0,0.0,0.0
1684,16345.0,0.0,0.0
1685,16355.0,0.0,0.0
1686,16365.0,0.0,0.0
1687,16375.0,0.0,0.0
1688,16385.0,0.0,0.0
1689,16395.0,0.0,0.0
1690,16405.0,0.0,0.0
1691,16415.0,0.0,0.0
1692,16425.0,0.0,0.0
1693,16435.0,0.0,0.0
1694,16445.0,0.0,0.0
1695,16455.0,0.0,0.0
1696,16465.0,0.0,0.0
1697,16475.0,0.0,0.0
1698,16485.0,0.0,0.0
1699,16495.0,0.0,0.0
1700,16505.0,0.0,0.0
1701,16515.0,0.0,0.0
1702,16525.0,0.0,0.0
1703,16535.0,0.0,0.0
1704,16545.0,0.0,0.0
1705,16555.0,0.0,0.0
1706,16565.0,0.0,0.0
1707,16575.0,0.0,0.0
1708,16585.0,0.0,0.0
1709,16595.0,0.0,0.0
1710,16605.0,0.0,0.0
1711,16615.0,0.0,0.0
1712,16625.0,0.0,0.0
1713,16635.0,0.0,0.0
1714,16645.0,0.0,0.0
1715,16655.0,0.0,0.0
1716,16665.0,0.0,0.0
1717,16675.0,0.0,0.0
1718,16685.0,0.0,0.0
1719,16695.0,0.0,0.0
1720,16705.0,0.0,0.0
1721,16715.0,0.0,0.0
1722,16725.0,0.0,0.0
1723,16735.0,0.0,0.0
1724,16745.0,0.0,0.0
1725,16755.0,0.0,0.0
1726,16765.0,0.0,0.0
1727,16775.0,0.0,0.0
1728,16785.0,0.0,0.0
1729,16795.0,0.0,0.0
1730,16805.0,0.0,0.0
1731,16815.0,0.0,0.0
1732,16825.0,0.0,0.0
1733,16835.0,0.0,0.0
1734,16845.0,0.0,0.0
1735,16855.0,0.0,0.0
1736,16865.0,0.0,0.0
1737,16875.0,0.0,0.0
1738,16885.0,0.0,0.0
1739,16895.0,0.0,0.0
1740,16905.0,0.0,0.0
1741,16915.0,0.0,0.0
1742,16925.0,0.0,0.0
1743,16935.0,0.0,0.0
1744,16945.0,0.0,0.0
1745,16955.0,0.0,0.0
1746,16965.0,0.0,0.0
1747,16975.0,0.0,0.0
1748,16985.0,0.0,0.0
1749,16995.0,0.0,0.0
1750,17005.0,0.0,0.0
1751,17015.0,0.0,0.0
1752,17025.0,0.0,0.0
1753,17035.0,0.0,0.0
1754,17045.0,0.0,0.0
1755,17055.0,0.0,0.0
1756,17065.0,0.0,0.0
1757,17075.0,0.0,0.0
1758,17085.0,0.0,0.0
1759,17095.0,0.0,0.0
1760,17105.0,0.0,0.0
1761,17115.0,0.0,0.0
1762,17125.0,0.0,0.0
1763,17135.0,0.0,0.0
1764,17145.0,0.0,0.0
1765,17155.0,0.0,0.0
1766,17165.0,0.0,0.0
1767,17175.0,0.0,0.0
1768,17185.0,0.0,0.0
1769,17195.0,0.0,0.0
1770,17205.0,0.0,0.0
1771,17215.0,0.0,0.0
1772,17225.0,0.0,0.0
1773,17235.0,0.0,0.0
1774,17245.0,0.0,0.0
1775,17255.0,0.0,0.0
1776,17265.0,0.0,0.0
1777,17275.0,0.0,0.0
1778,17285.0,0.0,0.0
1779,17295.0,0.0,0.0
1780,17305.0,0.0,0.0
1781,17315.0,0.0,0.0
1782,17325.0,0.0,0.0
1783,17335.0,0.0,0.0
1784,17345.0,0.0,0.0
1785,17355.0,0.0,0.0
1786,17365.0,0.0,0.0
1787,17375.0,0.0,0.0
1788,17385.0,0.0,0.0
1789,17395.0,0.0,0.0
1790,17405.0,0.0,0.0
1791,17415.0,0.0,0.0
1792,17425.0,0.0,0.0
1793,17435.0,0.0,0.0
1794,17445.0,0.0,0.0
1795,17455.0,0.0,0.0
1796,17465.0,0.0,0.0
1797,17475.0,0.0,0.0
1798,17485.0,0.0,0.0
1799,17495.0,0.0,0.0
1800,17505.0,0.0,0.0
1801,17515.0,0.0,0.0
1802,17525.0,0.0,0.0
1803,17535.0,0.0,0.0
1804,17545.0,0.0,0.0
1805,17555.0,0.0,0.0
1806,17565.0,0.0,0.0
1807,17575.0,0.0,0.0
1808,17585.0,0.0,0.0
1809,17595.0,0.0,0.0
1810,17605.0,0.0,0.0
1811,17615.0,0.0,0.0
1812,17625.0,0.0,0.0
1813,17635.0,0.0,0.0
1814,17645.0,0.0,0.0
1815,17655.0,0.0,0.0
1816,17665.0,0.0,0.0
1817,17675.0,0.0,0.0
1818,17685.0,0.0,0.0
1819,17695.0,0.0,0.0
1820,17705.0,0.0,0.0
1821,17715.0,0.0,0.0
1822,17725.0,0.0,0.0
1823,17735.0,0.0,0.0
1824,17745.0,0.0,0.0
1825,17755.0,0.0,0.0
1826,17765.0,0.0,0.0
1827,17775.0,0.0,0.0
1828,17785.0,0.0,0.0
1829,17795.0,0.0,0.0
1830,17805.0,0.0,0.0
1831,17815.0,0.0,0.0
1832,17825.0,0.0,0.0
1833,17835.0,0.0,0.0
1834,17845.0,0.0,0.0
1835,17855.0,0.0,0.0
1836,17865.0,0.0,0.0
1837,17875.0,0.0,0.0
1838,17885.0,0.0,0.0
1839,17895.0,0.0,0.0
1840,17905.0,0.0,0.0
1841,17915.0,0.0,0.0
1842,17925.0,0.0,0.0
1843,17935.0,0.0,0.0
1844,17945.0,0.0,0.0
1845,17955.0,0.0,0.0
1846,17965.0,0.0,0.0
1847,17975.0,0.0,0.0
1848,17985.0,0.0,0.0
1849,17995.0,0.0,0.0
1850,18005.0,0.0,0.0
1851,18015.0,0.0,0.0
1852,18025.0,0.0,0.0
1853,18035.0,0.0,0.0
1854,18045.0,0.0,0.0
1855,18055.0,0.0,0.0
1856,18065.0,0.5,0.5
1857,18075.0,0.0,0.0
1858,18085.0,0.0,0.0
1859,18095.0,0.0,0.0
1860,18105.0,0.0,0.0
1861,18115.0,0.0,0.0
1862,18125.0,0.0,0.0
1863,18135.0,0.0,0.0
1864,18145.0,0.0,0.0
1865,18155.0,0.0,0.0
1866,18165.0,0.0,0.0
1867,18175.0,0.0,0.0
1868,18185.0,0.0,0.0
1869,18195.0,0.0,0.0
1870,18205.0,0.0,0.0
1871,18215.0,0.0,0.0
1872,18225.0,0.0,0.0
1873,18235.0,0.0,0.0
1874,18245.0,0.0,0.0
1875,18255.0,0.0,0.0
1876,18265.0,0.0,0.0
1877,18275.0,0.0,0.0
1878,18285.0,0.0,0.0
1879,18295.0,0.0,0.0
1880,18305.0,0.0,0.0
1881,18315.0,0.0,0.0
1882,18325.0,0.0,0.0
1883,18335.0,0.0,0.0
1884,18345.0,0.0,0.0
1885,18355.0,0.0,0.0
1886,18365.0,0.0,0.0
1887,18375.0,0.0,0.0
1888,18385.0,0.0,0.0
1889,18395.0,0.0,0.0
1890,18405.0,0.0,0.0
1891,18415.0,0.0,0.0
1892,18425.0,0.0,0.0
1893,18435.0,0.0,0.0
1894,18445.0,0.0,0.0
1895,18455.0,0.0,0.0
1896,18465.0,0.0,0.0
1897,18475.0,0.0,0.0
1898,18485.0,0.0,0.0
1899,18495.0,0.0,0.0
1900,18505.0,0.0,0.0
1901,18515.0,0.0,0.0
1902,18525.0,0.0,0.0
1903,18535.0,0.0,0.0
1904,18545.0,0.0,0.0
1905,18555.0,0.0,0.0
1906,18565.0,0.0,0.0
1907,18575.0,0.0,0.0
1908,18585.0,0.0,0.0
1909,18595.0,0.0,0.0
1910,18605.0,0.0,0.0
1911,18615.0,0.0,0.0
1912,18625.0,0.0,0.0
1913,18635.0,0.0,0.0
1914,18645.0,0.0,0.0
1915,18655.0,0.0,0.0
1916,18665.0,0.0,0.0
1917,18675.0,0.0,0.0
1918,18685.0,0.0,0.0
1919,18695.0,0.0,0.0
1920,18705.0,0.0,0.0
1921,18715.0,0.0,0.0
1922,18725.0,0.0,0.0
1923,18735.0,0.0,0.0
1924,18745.0,0.0,0.0
1925,18755.0,0.0,0.0
1926,18765.0,0.0,0.0
1927,18775.0,0.0,0.0
1928,18785.0,0.0,0.0
1929,18795.0,0.0,0.0
1930,18805.0,0.0,0.0
1931,18815.0,0.0,0.0
1932,18825.0,0.0,0.0
1933,18835.0,0.0,0.0
1934,18845.0,0.0,0.0
1935,18855.0,0.0,0.0
1936,18865.0,0.0,0.0
1937,18875.0,0.0,0.0
1938,18885.0,0.0,0.0
1939,18895.0,0.0,0.0
1940,18905.0,0.0,0.0
1941,18915.0,0.0,0.0
1942,18925.0,0.0,0.0
1943,18935.0,0.0,0.0
1944,18945.0,0.0,0.0
1945,18955.0,0.0,0.0
1946,18965.0,0.0,0.0
1947,18975.0,0.0,0.0
1948,18985.0,0.0,0.0
1949,18995.0,0.0,0.0
1950,19005.0,0.0,0.0
1951,19015.0,0.0,0.0
1952,19025.0,0.0,0.0
1953,19035.0,0.0,0.0
1954,19045.0,0.0,0.0
1955,19055.0,0.0,0.0
1956,19065.0,0.0,0.0
1957,19075.0,0.0,0.0
1958,19085.0,0.0,0.0
1959,19095.0,0.0,0.0
1960,19105.0,0.0,0.0
1961,19115.0,0.0,0.0
1962,19125.0,0.0,0.0
1963,19135.0,0.0,0.0
1964,19145.0,0.0,0.0
1965,19155.0,0.0,0.0
1966,19165.0,0.0,0.0
1967,19175.0,0.0,0.0
1968,19185.0,0.0,0.0
1969,19195.0,0.0,0.0
1970,19205.0,0.0,0.0
1971,19215.0,0.0,0.0
1972,19225.0,0.0,0.0
1973,19235.0,0.0,0.0
1974,19245.0,0.0,0.0
1975,19255.0,0.0,0.0
1976,19265.0,0.0,0.0
1977,19275.0,0.0,0.0
1978,19285.0,0.0,0.0
1979,19295.0,0.0,0.0
1980,19305.0,0.0,0.0
1981,19315.0,0.0,0.0
1982,19325.0,0.0,0.0
1983,19335.0,0.0,0.0
1984,19345.0,0.0,0.0
1985,19355.0,0.0,0.0
1986,19365.0,0.0,0.0
1987,19375.0,0.0,0.0
1988,19385.0,0.0,0.0
1989,19395.0,0.0,0.0
1990,19405.0,0.0,0.0
1991,19415.0,0.0,0.0
1992,19425.0,0.0,0.0
1993,19435.0,0.0,0.0
1994,19445.0,0.0,0.0
1995,19455.0,0.0,0.0
1996,19465.0,0.0,0.0
1997,19475.0,0.0,0.0
1998,19485.0,0.0,0.0
1999,19495.0,0.0,0.0
2000,,,
