-495,11
-485,5
-475,8
-465,10
-455,6
-445,4
-435,8
-425,2
-415,3
-405,4
-395,3
-385,3
-375,1
-365,0
-355,2
-345,2
-335,2
-325,3
-315,1
-305,1
-295,1
-285,1
-275,1
-265,5
-255,2
-245,2
-235,3
-225,3
-215,4
-205,6
-195,7
-185,9
-175,2
-165,11
-155,10
-145,14
-135,23
-125,33
-115,68
-105,75
-95,129
-85,180
-75,308
-65,454
-55,612
-45,875
-35,1155
-25,1651
-15,2082
-5,2645
5,3268
15,4094
25,4774
35,5585
45,6286
55,7097
65,7724
75,8259
85,8649
95,9163
105,9212
115,9177
125,9097
135,8772
145,8501
155,7980
165,7569
175,6987
185,6258
195,5555
205,5040
215,4366
225,3861
235,3397
245,3025
255,2734
265,2293
275,2094
285,1984
295,1855
305,1778
315,1811
325,1894
335,2016
345,2232
355,2615
365,2978
375,3345
385,3880
395,4500
405,5035
415,5848
425,6702
435,7510
445,8572
455,9457
465,10428
475,11171
485,12232
495,13307
505,14113
515,14631
525,15579
535,15766
545,16445
555,16662
565,16699
575,16600
585,16234
595,15977
605,15623
615,14928
625,14139
635,13405
645,12310
655,11663
665,10768
675,9714
685,8830
695,7755
705,6976
715,6201
725,5434
735,4644
745,3985
755,3530
765,3021
775,2507
785,2103
795,1768
805,1455
815,1267
825,1055
835,884
845,745
855,655
865,529
875,486
885,397
895,364
905,322
915,297
925,302
935,262
945,289
955,258
965,269
975,254
985,256
995,282
1005,312
1015,268
1025,344
1035,317
1045,330
1055,328
1065,361
1075,401
1085,368
1095,370
1105,379
1115,336
1125,385
1135,378
1145,391
1155,399
1165,405
1175,372
1185,347
1195,361
1205,334
1215,338
1225,295
1235,301
1245,290
1255,242
1265,253
1275,224
1285,216
1295,190
1305,162
1315,145
1325,163
1335,120
1345,125
1355,101
1365,94
1375,90
1385,77
1395,66
1405,57
1415,58
1425,59
1435,44
1445,47
1455,36
1465,17
1475,19
1485,25
1495,17
1505,17
1515,18
1525,10
1535,16
1545,12
1555,17
1565,6
1575,11
1585,8
1595,12
1605,10
1615,12
1625,8
1635,7
1645,11
1655,3
1665,8
1675,6
1685,10
1695,9
1705,6
1715,7
1725,8
1735,7
1745,4
1755,7
1765,6
1775,4
1785,6
1795,5
1805,6
1815,6
1825,7
1835,5
1845,3
1855,7
1865,4
1875,6
1885,3
1895,4
1905,8
1915,3
1925,8
1935,2
1945,1
1955,1
1965,3
1975,2
1985,1
1995,1
2005,3
2015,0
2025,1
2035,2
2045,0
2055,1
2065,3
2075,2
2085,0
2095,2
2105,2
2115,2
2125,6
2135,0
2145,1
2155,1
2165,2
2175,1
2185,2
2195,0
2205,3
2215,3
2225,0
2235,2
2245,2
2255,2
2265,2
2275,2
2285,1
2295,2
2305,2
2315,4
2325,0
2335,2
2345,5
2355,3
2365,0
2375,1
2385,1
2395,0
2405,0
2415,1
2425,2
2435,0
2445,0
2455,1
2465,0
2475,2
2485,6
2495,1
2505,2
2515,2
2525,1
2535,1
2545,3
2555,1
2565,0
2575,3
2585,1
2595,1
2605,2
2615,2
2625,0
2635,1
2645,3
2655,0
2665,3
2675,1
2685,5
2695,3
2705,5
2715,0
2725,2
2735,1
2745,4
2755,1
2765,2
2775,2
2785,2
2795,4
2805,6
2815,3
2825,1
2835,6
2845,3
2855,2
2865,2
2875,5
2885,4
2895,0
2905,4
2915,3
2925,2
2935,4
2945,4
2955,2
2965,4
2975,3
2985,2
2995,2
3005,1
3015,1
3025,1
3035,0
3045,4
3055,1
3065,3
3075,5
3085,2
3095,2
3105,5
3115,2
3125,1
3135,3
3145,4
3155,2
3165,4
3175,4
3185,1
3195,5
3205,4
3215,3
3225,3
3235,3
3245,6
3255,6
3265,2
3275,5
3285,3
3295,4
3305,6
3315,7
3325,3
3335,7
3345,7
3355,3
3365,5
3375,6
3385,6
3395,8
3405,3
3415,4
3425,1
3435,1
3445,1
3455,4
3465,3
3475,3
3485,2
3495,1
3505,4
3515,4
3525,3
3535,3
3545,5
3555,3
3565,1
3575,2
3585,4
3595,3
3605,3
3615,5
3625,3
3635,4
3645,7
3655,2
3665,5
3675,4
3685,4
3695,3
3705,2
3715,2
3725,7
3735,4
3745,3
3755,4
3765,5
3775,9
3785,2
3795,4
3805,8
3815,7
3825,2
3835,3
3845,0
3855,6
3865,3
3875,6
3885,3
3895,4
3905,4
3915,3
3925,0
3935,2
3945,7
3955,2
3965,3
3975,2
3985,2
3995,6
4005,4
4015,5
4025,4
4035,0
4045,1
4055,6
4065,5
4075,3
4085,3
4095,5
4105,7
4115,3
4125,3
4135,4
4145,4
4155,3
4165,4
4175,3
4185,1
4195,1
4205,3
4215,1
4225,1
4235,3
4245,6
4255,2
4265,6
4275,4
4285,5
4295,1
4305,2
4315,2
4325,2
4335,2
4345,3
4355,2
4365,4
4375,1
4385,3
4395,6
4405,2
4415,3
4425,5
4435,5
4445,4
4455,10
4465,7
4475,2
4485,2
4495,2
4505,3
4515,4
4525,3
4535,2
4545,4
4555,6
4565,4
4575,1
4585,4
4595,4
4605,2
4615,5
4625,2
4635,2
4645,5
4655,5
4665,4
4675,7
4685,2
4695,2
4705,5
4715,4
4725,0
4735,3
4745,2
4755,1
4765,5
4775,3
4785,6
4795,5
4805,4
4815,2
4825,1
4835,5
4845,2
4855,2
4865,0
4875,2
4885,1
4895,4
4905,0
4915,3
4925,2
4935,2
4945,2
4955,10
4965,4
4975,1
4985,4
4995,5
5005,4
5015,1
5025,6
5035,2
5045,2
5055,3
5065,5
5075,1
5085,1
5095,5
5105,2
5115,6
5125,2
5135,1
5145,3
5155,8
5165,3
5175,4
5185,4
5195,1
5205,3
5215,3
5225,3
5235,2
5245,4
5255,3
5265,3
5275,2
5285,1
5295,4
5305,4
5315,1
5325,2
5335,2
5345,0
5355,5
5365,3
5375,2
5385,6
5395,1
5405,2
5415,5
5425,6
5435,4
5445,2
5455,5
5465,3
5475,2
5485,5
5495,2
5505,4
5515,2
5525,4
5535,7
5545,1
5555,3
5565,2
5575,5
5585,3
5595,3
5605,5
5615,6
5625,1
5635,3
5645,7
5655,2
5665,0
5675,1
5685,7
5695,2
5705,2
5715,6
5725,2
5735,4
5745,0
5755,3
5765,3
5775,5
5785,6
5795,5
5805,7
5815,6
5825,3
5835,3
5845,0
5855,1
5865,5
5875,6
5885,6
5895,2
5905,3
5915,3
5925,4
5935,4
5945,1
5955,4
5965,4
5975,3
5985,3
5995,3
6005,0
6015,7
6025,4
6035,3
6045,3
6055,2
6065,1
6075,3
6085,1
6095,2
6105,1
6115,5
6125,4
6135,9
6145,5
6155,3
6165,1
6175,2
6185,4
6195,1
6205,1
6215,3
6225,6
6235,5
6245,3
6255,2
6265,6
6275,3
6285,2
6295,1
6305,4
6315,0
6325,5
6335,1
6345,1
6355,2
6365,1
6375,2
6385,4
6395,4
6405,3
6415,6
6425,3
6435,2
6445,3
6455,5
6465,6
6475,3
6485,1
6495,4
6505,0
6515,3
6525,5
6535,6
6545,1
6555,2
6565,0
6575,2
6585,3
6595,0
6605,5
6615,0
6625,2
6635,2
6645,1
6655,6
6665,2
6675,5
6685,2
6695,2
6705,3
6715,5
6725,1
6735,4
6745,2
6755,3
6765,5
6775,0
6785,4
6795,0
6805,3
6815,1
6825,0
6835,4
6845,2
6855,1
6865,2
6875,1
6885,1
6895,3
6905,1
6915,5
6925,3
6935,1
6945,5
6955,1
6965,0
6975,1
6985,0
6995,1
7005,0
7015,3
7025,0
7035,3
7045,2
7055,6
7065,1
7075,2
7085,3
7095,1
7105,4
7115,1
7125,0
7135,3
7145,1
7155,2
7165,1
7175,2
7185,0
7195,1
7205,2
7215,3
7225,4
7235,2
7245,1
7255,1
7265,1
7275,4
7285,3
7295,1
7305,4
7315,2
7325,3
7335,3
7345,2
7355,0
7365,2
7375,1
7385,4
7395,1
7405,2
7415,2
7425,2
7435,0
7445,1
7455,1
7465,0
7475,2
7485,3
7495,0
7505,1
7515,0
7525,3
7535,1
7545,2
7555,1
7565,0
7575,0
7585,0
7595,0
7605,1
7615,3
7625,0
7635,3
7645,4
7655,3
7665,0
7675,2
7685,2
7695,2
7705,2
7715,0
7725,0
7735,0
7745,1
7755,0
7765,2
7775,4
7785,2
7795,0
7805,2
7815,2
7825,1
7835,0
7845,3
7855,0
7865,1
7875,2
7885,0
7895,1
7905,1
7915,0
7925,0
7935,2
7945,3
7955,2
7965,0
7975,2
7985,1
7995,1
8005,0
8015,0
8025,1
8035,2
8045,1
8055,0
8065,1
8075,0
8085,3
8095,2
8105,1
8115,1
8125,0
8135,2
8145,1
8155,0
8165,1
8175,1
8185,0
8195,1
8205,0
8215,1
8225,1
8235,1
8245,2
8255,3
8265,0
8275,1
8285,2
8295,1
8305,0
8315,1
8325,2
8335,0
8345,1
8355,0
8365,1
8375,1
8385,2
8395,1
8405,1
8415,0
8425,1
8435,1
8445,1
8455,2
8465,2
8475,0
8485,0
8495,1
8505,2
8515,0
8525,0
8535,0
8545,1
8555,0
8565,2
8575,1
8585,1
8595,0
8605,0
8615,1
8625,1
8635,1
8645,1
8655,1
8665,0
8675,0
8685,0
8695,1
8705,1
8715,0
8725,2
8735,1
8745,1
8755,2
8765,0
8775,0
8785,0
8795,0
8805,1
8815,2
8825,0
8835,1
8845,1
8855,0
8865,0
8875,0
8885,0
8895,0
8905,0
8915,0
8925,2
8935,0
8945,0
8955,0
8965,0
8975,0
8985,1
8995,0
9005,0
9015,0
9025,0
9035,0
9045,0
9055,0
9065,2
9075,2
9085,1
9095,0
9105,0
9115,1
9125,0
9135,2
9145,0
9155,0
9165,0
9175,0
9185,1
9195,0
9205,0
9215,1
9225,0
9235,0
9245,0
9255,0
9265,0
9275,3
9285,0
9295,0
9305,0
9315,0
9325,0
9335,1
9345,0
9355,2
9365,0
9375,0
9385,0
9395,0
9405,1
9415,0
9425,0
9435,1
9445,0
9455,0
9465,0
9475,0
9485,0
9495,0
9505,0
9515,1
9525,0
9535,0
9545,0
9555,0
9565,0
9575,0
9585,0
9595,0
9605,0
9615,1
9625,0
9635,0
9645,0
9655,0
9665,0
9675,0
9685,0
9695,0
9705,0
9715,0
9725,0
9735,1
9745,0
9755,0
9765,0
9775,0
9785,0
9795,0
9805,0
9815,0
9825,0
9835,0
9845,0
9855,0
9865,0
9875,0
9885,1
9895,0
9905,0
9915,0
9925,0
9935,1
9945,0
9955,0
9965,0
9975,0
9985,0
9995,0
10005,1
10015,0
10025,0
10035,0
10045,0
10055,0
10065,0
10075,0
10085,0
10095,0
10105,0
10115,0
10125,1
10135,0
10145,0
10155,0
10165,0
10175,0
10185,0
10195,0
10205,1
10215,0
10225,0
10235,0
10245,0
10255,0
10265,0
10275,0
10285,0
10295,0
10305,0
10315,0
10325,0
10335,0
10345,0
10355,0
10365,0
10375,0
10385,0
10395,1
10405,0
10415,0
10425,1
10435,0
10445,0
10455,1
10465,0
10475,0
10485,0
10495,0
10505,0
10515,0
10525,0
10535,0
10545,0
10555,0
10565,0
10575,0
10585,0
10595,0
10605,0
10615,0
10625,1
10635,0
10645,0
10655,0
10665,0
10675,0
10685,0
10695,0
10705,0
10715,0
10725,0
10735,0
10745,0
10755,0
10765,0
10775,0
10785,0
10795,0
10805,0
10815,0
10825,0
10835,0
10845,1
10855,0
10865,0
10875,0
10885,0
10895,0
10905,0
10915,0
10925,0
10935,0
10945,0
10955,0
10965,0
10975,0
10985,0
10995,0
11005,0
11015,0
11025,0
11035,0
11045,0
11055,0
11065,0
11075,1
11085,0
11095,0
11105,0
11115,0
11125,1
11135,0
11145,0
11155,0
11165,0
11175,0
11185,0
11195,0
11205,0
11215,0
11225,0
11235,0
11245,0
11255,0
11265,0
11275,0
11285,0
11295,0
11305,0
11315,0
11325,0
11335,0
11345,0
11355,0
11365,0
11375,0
11385,0
11395,0
11405,0
11415,0
11425,0
11435,0
11445,1
11455,0
11465,0
11475,0
11485,0
11495,0
11505,0
11515,0
11525,0
11535,0
11545,0
11555,0
11565,0
11575,0
11585,0
11595,0
11605,0
11615,0
11625,0
11635,0
11645,0
11655,0
11665,0
11675,0
11685,0
11695,0
11705,0
11715,0
11725,0
11735,0
11745,0
11755,0
11765,0
11775,0
11785,0
11795,0
11805,0
11815,0
11825,0
11835,0
11845,0
11855,0
11865,0
11875,0
11885,0
11895,0
11905,0
11915,0
11925,0
11935,0
11945,0
11955,0
11965,0
11975,0
11985,0
11995,0
12005,0
12015,0
12025,0
12035,0
12045,0
12055,0
12065,0
12075,0
12085,0
12095,0
12105,0
12115,0
12125,0
12135,0
12145,0
12155,0
12165,0
12175,0
12185,0
12195,0
12205,0
12215,0
12225,0
12235,0
12245,0
12255,0
12265,0
12275,0
12285,0
12295,0
12305,0
12315,0
12325,0
12335,0
12345,0
12355,0
12365,0
12375,0
12385,0
12395,0
12405,0
12415,0
12425,0
12435,0
12445,0
12455,0
12465,0
12475,0
12485,0
12495,0
12505,0
12515,0
12525,0
12535,0
12545,0
12555,0
12565,0
12575,0
12585,0
12595,0
12605,0
12615,0
12625,0
12635,0
12645,0
12655,0
12665,0
12675,0
12685,0
12695,0
12705,0
12715,0
12725,0
12735,0
12745,0
12755,0
12765,0
12775,0
12785,0
12795,0
12805,0
12815,0
12825,0
12835,0
12845,0
12855,0
12865,0
12875,0
12885,0
12895,0
12905,0
12915,0
12925,0
12935,0
12945,0
12955,0
12965,0
12975,0
12985,0
12995,0
13005,0
13015,0
13025,0
13035,0
13045,0
13055,0
13065,0
13075,0
13085,0
13095,0
13105,0
13115,0
13125,0
13135,0
13145,0
13155,0
13165,0
13175,0
13185,0
13195,0
13205,0
13215,0
13225,0
13235,0
13245,0
13255,0
13265,0
13275,0
13285,0
13295,0
13305,0
13315,0
13325,0
13335,1
13345,0
13355,0
13365,0
13375,0
13385,0
13395,0
13405,0
13415,0
13425,0
13435,0
13445,0
13455,0
13465,0
13475,0
13485,0
13495,0
13505,0
13515,0
13525,0
13535,0
13545,0
13555,0
13565,0
13575,0
13585,0
13595,0
13605,0
13615,0
13625,0
13635,0
13645,0
13655,0
13665,0
13675,0
13685,0
13695,0
13705,0
13715,0
13725,0
13735,0
13745,0
13755,0
13765,0
13775,0
13785,0
13795,0
13805,0
13815,0
13825,0
13835,0
13845,0
13855,0
13865,0
13875,0
13885,0
13895,0
13905,0
13915,0
13925,0
13935,0
13945,0
13955,0
13965,0
13975,0
13985,0
13995,0
14005,0
14015,0
14025,0
14035,0
14045,0
14055,0
14065,0
14075,0
14085,0
14095,0
14105,0
14115,0
14125,0
14135,0
14145,0
14155,0
14165,0
14175,0
14185,0
14195,0
14205,0
14215,0
14225,0
14235,0
14245,0
14255,0
14265,0
14275,0
14285,0
14295,0
14305,0
14315,0
14325,0
14335,0
14345,0
14355,0
14365,0
14375,0
14385,0
14395,0
14405,0
14415,0
14425,0
14435,0
14445,0
14455,0
14465,0
14475,0
14485,0
14495,0
14505,0
14515,0
14525,0
14535,0
14545,0
14555,0
14565,0
14575,0
14585,0
14595,0
14605,0
14615,0
14625,0
14635,0
14645,0
14655,0
14665,0
14675,0
14685,0
14695,0
14705,0
14715,0
14725,0
14735,0
14745,0
14755,0
14765,0
14775,0
14785,0
14795,0
14805,0
14815,0
14825,0
14835,0
14845,0
14855,0
14865,0
14875,0
14885,0
14895,0
14905,0
14915,0
14925,0
14935,0
14945,0
14955,0
14965,0
14975,0
14985,0
14995,0
15005,0
15015,0
15025,0
15035,0
15045,0
15055,0
15065,0
15075,0
15085,0
15095,0
15105,0
15115,0
15125,0
15135,0
15145,0
15155,0
15165,0
15175,0
15185,0
15195,0
15205,0
15215,0
15225,0
15235,0
15245,0
15255,0
15265,0
15275,0
15285,0
15295,0
15305,0
15315,0
15325,0
15335,0
15345,0
15355,0
15365,0
15375,0
15385,0
15395,0
15405,0
15415,0
15425,0
15435,0
15445,0
15455,0
15465,0
15475,0
15485,0
15495,0
15505,0
15515,0
15525,0
15535,0
15545,0
15555,0
15565,0
15575,0
15585,0
15595,0
15605,0
15615,0
15625,0
15635,0
15645,0
15655,0
15665,0
15675,0
15685,0
15695,0
15705,0
15715,0
15725,0
15735,0
15745,0
15755,0
15765,0
15775,0
15785,0
15795,0
15805,0
15815,0
15825,0
15835,0
15845,0
15855,0
15865,0
15875,0
15885,0
15895,0
15905,0
15915,0
15925,0
15935,0
15945,0
15955,0
15965,0
15975,0
15985,0
15995,0
16005,0
16015,0
16025,0
16035,0
16045,0
16055,0
16065,0
16075,0
16085,0
16095,0
16105,0
16115,0
16125,0
16135,0
16145,0
16155,0
16165,0
16175,0
16185,0
16195,0
16205,0
16215,0
16225,0
16235,0
16245,0
16255,0
16265,0
16275,0
16285,0
16295,0
16305,0
16315,0
16325,0
16335,0
16345,0
16355,0
16365,0
16375,0
16385,0
16395,0
16405,0
16415,0
16425,0
16435,0
16445,0
16455,0
16465,0
16475,0
16485,0
16495,0
16505,0
16515,0
16525,0
16535,0
16545,0
16555,0
16565,0
16575,0
16585,0
16595,0
16605,0
16615,0
16625,0
16635,0
16645,0
16655,0
16665,0
16675,0
16685,0
16695,0
16705,0
16715,0
16725,0
16735,0
16745,0
16755,0
16765,0
16775,0
16785,0
16795,0
16805,0
16815,0
16825,0
16835,0
16845,0
16855,0
16865,0
16875,0
16885,0
16895,0
16905,0
16915,0
16925,0
16935,0
16945,0
16955,0
16965,0
16975,0
16985,0
16995,0
17005,0
17015,0
17025,0
17035,0
17045,0
17055,0
17065,0
17075,0
17085,0
17095,0
17105,0
17115,0
17125,0
17135,0
17145,0
17155,0
17165,0
17175,0
17185,0
17195,0
17205,0
17215,0
17225,0
17235,0
17245,0
17255,0
17265,0
17275,0
17285,0
17295,0
17305,0
17315,0
17325,0
17335,0
17345,0
17355,0
17365,0
17375,0
17385,0
17395,0
17405,0
17415,0
17425,0
17435,0
17445,0
17455,0
17465,0
17475,0
17485,0
17495,0
17505,0
17515,0
17525,0
17535,0
17545,0
17555,0
17565,0
17575,0
17585,0
17595,0
17605,0
17615,0
17625,0
17635,0
17645,0
17655,0
17665,0
17675,0
17685,0
17695,0
17705,0
17715,0
17725,0
17735,0
17745,0
17755,0
17765,0
17775,0
17785,0
17795,0
17805,0
17815,0
17825,0
17835,0
17845,0
17855,0
17865,0
17875,0
17885,0
17895,0
17905,0
17915,0
17925,0
17935,0
17945,0
17955,0
17965,0
17975,0
17985,0
17995,0
18005,0
18015,0
18025,0
18035,0
18045,0
18055,0
18065,0
18075,0
18085,0
18095,0
18105,0
18115,0
18125,0
18135,1
18145,0
18155,0
18165,0
18175,0
18185,0
18195,0
18205,0
18215,0
18225,0
18235,0
18245,0
18255,0
18265,0
18275,0
18285,0
18295,0
18305,0
18315,0
18325,0
18335,0
18345,0
18355,0
18365,0
18375,0
18385,0
18395,0
18405,0
18415,0
18425,0
18435,0
18445,0
18455,0
18465,0
18475,0
18485,0
18495,0
18505,0
18515,0
18525,0
18535,0
18545,0
18555,0
18565,0
18575,0
18585,0
18595,0
18605,0
18615,0
18625,0
18635,0
18645,0
18655,0
18665,0
18675,0
18685,0
18695,0
18705,0
18715,0
18725,0
18735,0
18745,0
18755,0
18765,0
18775,0
18785,0
18795,0
18805,0
18815,0
18825,0
18835,0
18845,0
18855,0
18865,0
18875,0
18885,0
18895,0
18905,0
18915,0
18925,0
18935,0
18945,0
18955,0
18965,0
18975,0
18985,0
18995,0
19005,0
19015,0
19025,0
19035,0
19045,0
19055,0
19065,0
19075,0
19085,0
19095,0
19105,0
19115,0
19125,0
19135,0
19145,0
19155,0
19165,0
19175,0
19185,0
19195,0
19205,0
19215,0
19225,0
19235,0
19245,0
19255,0
19265,0
19275,0
19285,0
19295,0
19305,0
19315,0
19325,0
19335,0
19345,0
19355,0
19365,0
19375,0
19385,0
19395,0
19405,0
19415,0
19425,0
19435,0
19445,0
19455,0
19465,0
19475,0
19485,0
19495,0
19505,0
19515,0
19525,0
19535,0
19545,0
19555,0
19565,0
19575,0
19585,0
19595,0
19605,0
19615,0
19625,0
19635,0
19645,0
19655,0
19665,0
19675,0
19685,0
19695,0
19705,0
19715,0
19725,0
19735,0
19745,0
19755,0
19765,0
19775,0
19785,0
19795,0
19805,0
19815,0
19825,0
19835,0
19845,0
19855,0
19865,0
19875,0
19885,0
19895,0
19905,0
19915,0
19925,0
19935,0
19945,0
19955,0
19965,0
19975,0
19985,0
19995,0
20005,0
20015,0
20025,0
20035,0
20045,0
20055,0
20065,0
20075,0
20085,0
20095,0
20105,0
20115,0
20125,0
20135,0
20145,0
20155,0
20165,0
20175,0
20185,0
20195,0
20205,0
20215,0
20225,0
20235,0
20245,0
20255,0
20265,0
20275,0
20285,0
20295,0
20305,0
20315,0
20325,0
20335,0
20345,0
20355,0
20365,0
20375,0
20385,0
20395,0
20405,0
20415,0
20425,0
20435,0
20445,0
20455,0
20465,0
20475,0
20485,0
20495,0
20505,0
20515,0
20525,0
20535,0
20545,0
20555,0
20565,0
20575,0
20585,0
20595,0
20605,0
20615,0
20625,0
20635,0
20645,0
20655,0
20665,0
20675,0
20685,0
20695,0
20705,0
20715,0
20725,0
20735,0
20745,0
20755,0
20765,0
20775,0
20785,0
20795,0
20805,0
20815,0
20825,0
20835,0
20845,0
20855,0
20865,0
20875,0
20885,0
20895,0
20905,0
20915,0
20925,0
20935,0
20945,0
20955,0
20965,0
20975,0
20985,0
20995,0
21005,0
21015,0
21025,0
21035,0
21045,0
21055,0
21065,0
21075,0
21085,0
21095,0
21105,0
21115,0
21125,0
21135,0
21145,0
21155,0
21165,0
21175,0
21185,0
21195,0
21205,0
21215,0
21225,0
21235,0
21245,0
21255,0
21265,0
21275,0
21285,0
21295,0
21305,0
21315,0
21325,0
21335,0
21345,0
21355,0
21365,0
21375,0
21385,0
21395,0
21405,0
21415,0
21425,0
21435,0
21445,0
21455,0
21465,0
21475,0
21485,0
21495,0
21505,0
21515,0
21525,0
21535,0
21545,0
21555,0
21565,0
21575,0
21585,0
21595,0
21605,0
21615,0
21625,0
21635,0
21645,0
21655,0
21665,0
21675,0
21685,0
21695,0
21705,0
21715,0
21725,0
21735,0
21745,0
21755,0
21765,0
21775,0
21785,0
21795,0
21805,0
21815,0
21825,0
21835,0
21845,0
21855,0
21865,0
21875,0
21885,0
21895,0
21905,0
21915,0
21925,0
21935,0
21945,0
21955,0
21965,0
21975,0
21985,0
21995,0
22005,0
22015,0
22025,0
22035,0
22045,0
22055,0
22065,0
22075,0
22085,0
22095,0
22105,0
22115,0
22125,0
22135,0
22145,0
22155,0
22165,0
22175,0
22185,0
22195,0
22205,0
22215,0
22225,0
22235,0
22245,0
22255,0
22265,0
22275,0
22285,0
22295,0
22305,0
22315,0
22325,0
22335,0
22345,0
22355,0
22365,0
22375,0
22385,0
22395,0
22405,0
22415,0
22425,0
22435,0
22445,0
22455,0
22465,0
22475,0
22485,0
22495,0
22505,0
22515,0
22525,0
22535,0
22545,0
22555,0
22565,0
22575,0
22585,0
22595,0
22605,0
22615,0
22625,0
22635,0
22645,0
22655,0
22665,0
22675,0
22685,0
22695,0
22705,0
22715,0
22725,0
22735,0
22745,0
22755,0
22765,0
22775,0
22785,0
22795,0
22805,0
22815,0
22825,0
22835,0
22845,0
22855,0
22865,0
22875,0
22885,0
22895,0
22905,0
22915,0
22925,0
22935,0
22945,0
22955,0
22965,0
22975,0
22985,0
22995,0
23005,0
23015,0
23025,0
23035,0
23045,0
23055,0
23065,0
23075,0
23085,0
23095,0
23105,0
23115,0
23125,0
23135,0
23145,0
23155,0
23165,0
23175,0
23185,0
23195,0
23205,0
23215,0
23225,0
23235,0
23245,0
23255,0
23265,0
23275,0
23285,0
23295,0
23305,0
23315,0
23325,0
23335,0
23345,0
23355,0
23365,0
23375,0
23385,0
23395,0
23405,0
23415,0
23425,0
23435,0
23445,0
23455,0
23465,0
23475,0
23485,0
23495,0
23505,0
23515,0
23525,0
23535,0
23545,0
23555,0
23565,0
23575,0
23585,0
23595,0
23605,0
23615,0
23625,0
23635,0
23645,0
23655,0
23665,0
23675,0
23685,0
23695,0
23705,0
23715,0
23725,0
23735,0
23745,0
23755,0
23765,0
23775,0
23785,0
23795,0
23805,0
23815,0
23825,0
23835,0
23845,0
23855,0
23865,0
23875,0
23885,0
23895,0
23905,0
23915,0
23925,0
23935,0
23945,0
23955,0
23965,0
23975,0
23985,0
23995,0
24005,0
24015,0
24025,0
24035,0
24045,0
24055,0
24065,0
24075,0
24085,0
24095,0
24105,0
24115,0
24125,0
24135,0
24145,0
24155,0
24165,0
24175,0
24185,0
24195,0
24205,0
24215,0
24225,0
24235,0
24245,0
24255,0
24265,0
24275,0
24285,0
24295,0
24305,0
24315,0
24325,0
24335,0
24345,0
24355,0
24365,0
24375,0
24385,0
24395,0
24405,0
24415,0
24425,0
24435,0
24445,0
24455,0
24465,0
24475,0
24485,0
24495,0
24505,0
24515,0
24525,0
24535,0
24545,0
24555,0
24565,0
24575,0
24585,0
24595,0
24605,0
24615,0
24625,0
24635,0
24645,0
24655,0
24665,0
24675,0
24685,0
24695,0
24705,0
24715,0
24725,0
24735,0
24745,0
24755,0
24765,0
24775,0
24785,0
24795,0
24805,0
24815,0
24825,0
24835,0
24845,0
24855,0
24865,0
24875,0
24885,0
24895,0
24905,0
24915,0
24925,0
24935,0
24945,0
24955,0
24965,0
24975,0
24985,0
24995,0
25005,0
25015,0
25025,0
25035,0
25045,0
25055,0
25065,0
25075,0
25085,0
25095,0
25105,0
25115,0
25125,0
25135,0
25145,0
25155,0
25165,0
25175,0
25185,0
25195,0
25205,0
25215,0
25225,0
25235,0
25245,0
25255,0
25265,0
25275,0
25285,0
25295,0
25305,0
25315,0
25325,0
25335,0
25345,0
25355,0
25365,0
25375,0
25385,0
25395,0
25405,0
25415,0
25425,0
25435,0
25445,0
25455,0
25465,0
25475,0
25485,0
25495,0
25505,0
25515,0
25525,0
25535,0
25545,0
25555,0
25565,0
25575,0
25585,0
25595,0
25605,0
25615,0
25625,0
25635,0
25645,0
25655,0
25665,0
25675,0
25685,0
25695,0
25705,0
25715,0
25725,0
25735,0
25745,0
25755,0
25765,0
25775,0
25785,0
25795,0
25805,0
25815,0
25825,0
25835,0
25845,0
25855,0
25865,0
25875,0
25885,0
25895,0
25905,0
25915,0
25925,0
25935,0
25945,0
25955,0
25965,0
25975,0
25985,0
25995,0
26005,0
26015,0
26025,0
26035,0
26045,0
26055,0
26065,0
26075,0
26085,0
26095,0
26105,0
26115,0
26125,0
26135,0
26145,0
26155,0
26165,0
26175,0
26185,0
26195,0
26205,0
26215,0
26225,0
26235,0
26245,0
26255,0
26265,0
26275,0
26285,0
26295,0
26305,0
26315,0
26325,0
26335,0
26345,0
26355,0
26365,0
26375,0
26385,0
26395,0
26405,0
26415,0
26425,0
26435,0
26445,0
26455,0
26465,0
26475,0
26485,0
26495,0
26505,0
26515,0
26525,0
26535,0
26545,0
26555,0
26565,0
26575,0
26585,0
26595,0
26605,0
26615,0
26625,0
26635,0
26645,0
26655,0
26665,0
26675,0
26685,0
26695,0
26705,0
26715,0
26725,0
26735,0
26745,0
26755,0
26765,0
26775,0
26785,0
26795,0
26805,0
26815,0
26825,0
26835,0
26845,0
26855,0
26865,0
26875,0
26885,0
26895,0
26905,0
26915,0
26925,0
26935,0
26945,0
26955,0
26965,0
26975,0
26985,0
26995,0
27005,0
27015,0
27025,0
27035,0
27045,0
27055,0
27065,0
27075,0
27085,0
27095,0
27105,0
27115,0
27125,0
27135,0
27145,0
27155,0
27165,0
27175,0
27185,0
27195,0
27205,0
27215,0
27225,0
27235,0
27245,0
27255,0
27265,0
27275,0
27285,0
27295,0
27305,0
27315,0
27325,0
27335,0
27345,0
27355,0
27365,0
27375,0
27385,0
27395,0
27405,0
27415,0
27425,0
27435,0
27445,0
27455,0
27465,0
27475,0
27485,0
27495,0
27505,0
27515,0
27525,0
27535,0
27545,0
27555,0
27565,0
27575,0
27585,0
27595,0
27605,0
27615,0
27625,0
27635,0
27645,0
27655,0
27665,0
27675,0
27685,0
27695,0
27705,0
27715,0
27725,0
27735,0
27745,0
27755,0
27765,0
27775,0
27785,0
27795,0
27805,0
27815,0
27825,0
27835,0
27845,0
27855,0
27865,0
27875,0
27885,0
27895,0
27905,0
27915,0
27925,0
27935,0
27945,0
27955,0
27965,0
27975,0
27985,0
27995,0
28005,0
28015,0
28025,0
28035,0
28045,0
28055,0
28065,0
28075,0
28085,0
28095,0
28105,0
28115,0
28125,0
28135,0
28145,0
28155,0
28165,0
28175,0
28185,0
28195,0
28205,0
28215,0
28225,0
28235,0
28245,0
28255,0
28265,0
28275,0
28285,0
28295,0
28305,0
28315,0
28325,0
28335,0
28345,0
28355,0
28365,0
28375,0
28385,0
28395,0
28405,0
28415,0
28425,0
28435,0
28445,0
28455,0
28465,0
28475,0
28485,0
28495,0
28505,0
28515,0
28525,0
28535,0
28545,0
28555,0
28565,0
28575,0
28585,0
28595,0
28605,0
28615,0
28625,0
28635,0
28645,0
28655,0
28665,0
28675,0
28685,0
28695,0
28705,0
28715,0
28725,0
28735,0
28745,0
28755,0
28765,0
28775,0
28785,0
28795,0
28805,0
28815,0
28825,0
28835,0
28845,0
28855,0
28865,0
28875,0
28885,0
28895,0
28905,0
28915,0
28925,0
28935,0
28945,0
28955,0
28965,0
28975,0
28985,0
28995,0
29005,0
29015,0
29025,0
29035,0
29045,0
29055,0
29065,0
29075,0
29085,0
29095,0
29105,0
29115,0
29125,0
29135,0
29145,0
29155,0
29165,0
29175,0
29185,0
29195,0
29205,0
29215,0
29225,0
29235,0
29245,0
29255,0
29265,0
29275,0
29285,0
29295,0
29305,0
29315,0
29325,0
29335,0
29345,0
29355,0
29365,0
29375,0
29385,0
29395,0
29405,0
29415,0
29425,0
29435,0
29445,0
29455,0
29465,0
29475,0
29485,0
29495,0
29505,0
29515,0
29525,0
29535,0
29545,0
29555,0
29565,0
29575,0
29585,0
29595,0
29605,0
29615,0
29625,0
29635,0
29645,0
29655,0
29665,0
29675,0
29685,0
29695,0
29705,0
29715,0
29725,0
29735,0
29745,0
29755,0
29765,0
29775,0
29785,0
29795,0
29805,0
29815,0
29825,0
29835,0
29845,0
29855,0
29865,0
29875,0
29885,0
29895,0
29905,0
29915,0
29925,0
29935,0
29945,0
29955,0
29965,0
29975,0
29985,0
29995,0
30005,0
30015,0
30025,0
30035,0
30045,0
30055,0
30065,0
30075,0
30085,0
30095,0
30105,0
30115,0
30125,0
30135,0
30145,0
30155,0
30165,0
30175,0
30185,0
30195,0
30205,0
30215,0
30225,0
30235,0
30245,0
30255,0
30265,0
30275,0
30285,0
30295,0
30305,0
30315,0
30325,0
30335,0
30345,0
30355,0
30365,0
30375,0
30385,0
30395,0
30405,0
30415,0
30425,0
30435,0
30445,0
30455,0
30465,0
30475,0
30485,0
30495,0
30505,0
30515,0
30525,0
30535,0
30545,0
30555,0
30565,0
30575,0
30585,0
30595,0
30605,0
30615,0
30625,0
30635,0
30645,0
30655,0
30665,0
30675,0
30685,0
30695,0
30705,0
30715,0
30725,0
30735,0
30745,0
30755,0
30765,0
30775,0
30785,0
30795,0
30805,0
30815,0
30825,0
30835,0
30845,0
30855,0
30865,0
30875,0
30885,0
30895,0
30905,0
30915,0
30925,0
30935,0
30945,0
30955,0
30965,0
30975,0
30985,0
30995,0
31005,0
31015,0
31025,0
31035,0
31045,0
31055,0
31065,0
31075,0
31085,0
31095,0
31105,0
31115,0
31125,0
31135,0
31145,0
31155,0
31165,0
31175,0
31185,0
31195,0
31205,0
31215,0
31225,0
31235,0
31245,0
31255,0
31265,0
31275,0
31285,0
31295,0
31305,0
31315,0
31325,0
31335,0
31345,0
31355,0
31365,0
31375,0
31385,0
31395,0
31405,0
31415,0
31425,0
31435,0
31445,0
31455,0
31465,0
31475,0
31485,0
31495,0
31505,0
31515,0
31525,0
31535,0
31545,0
31555,0
31565,0
31575,0
31585,0
31595,0
31605,0
31615,0
31625,0
31635,0
31645,0
31655,0
31665,0
31675,0
31685,0
31695,0
31705,0
31715,0
31725,0
31735,0
31745,0
31755,0
31765,0
31775,0
31785,0
31795,0
31805,0
31815,0
31825,0
31835,0
31845,0
31855,0
31865,0
31875,0
31885,0
31895,0
31905,0
31915,0
31925,0
31935,0
31945,0
31955,0
31965,0
31975,0
31985,0
31995,0
32005,0
32015,0
32025,0
32035,0
32045,0
32055,0
32065,0
32075,0
32085,0
32095,0
32105,0
32115,0
32125,0
32135,0
32145,0
32155,0
32165,0
32175,0
32185,0
32195,0
32205,0
32215,0
32225,0
32235,0
32245,0
32255,0
32265,0
32275,0
32285,0
32295,0
32305,0
32315,0
32325,0
32335,0
32345,0
32355,0
32365,0
32375,0
32385,0
32395,0
32405,0
32415,0
32425,0
32435,0
32445,0
32455,0
32465,0
32475,0
32485,0
32495,0
32505,0
32515,0
32525,0
32535,0
32545,0
32555,0
32565,0
32575,0
32585,0
32595,0
32605,0
32615,0
32625,0
32635,0
32645,0
32655,0
32665,0
32675,0
32685,0
32695,0
32705,0
32715,0
32725,0
32735,0
32745,0
32755,0
32765,0
32775,0
32785,0
32795,0
32805,0
32815,0
32825,0
32835,0
32845,0
32855,0
32865,0
32875,0
32885,0
32895,0
32905,0
32915,0
32925,0
32935,0
32945,0
32955,0
32965,0
32975,0
32985,0
32995,0
33005,0
33015,0
33025,0
33035,0
33045,0
33055,0
33065,0
33075,0
33085,0
33095,0
33105,0
33115,0
33125,0
33135,0
33145,0
33155,0
33165,0
33175,0
33185,0
33195,0
33205,0
33215,0
33225,0
33235,0
33245,0
33255,0
33265,0
33275,0
33285,0
33295,0
33305,0
33315,0
33325,0
33335,0
33345,0
33355,0
33365,0
33375,0
33385,0
33395,0
33405,0
33415,0
33425,0
33435,0
33445,0
33455,0
33465,0
33475,0
33485,0
33495,0
33505,0
33515,0
33525,0
33535,0
33545,0
33555,0
33565,0
33575,0
33585,0
33595,0
33605,0
33615,0
33625,0
33635,0
33645,0
33655,0
33665,0
33675,0
33685,0
33695,0
33705,0
33715,0
33725,0
33735,0
33745,0
33755,0
33765,0
33775,0
33785,0
33795,0
33805,0
33815,0
33825,0
33835,0
33845,0
33855,0
33865,0
33875,0
33885,0
33895,0
33905,0
33915,0
33925,0
33935,0
33945,0
33955,0
33965,0
33975,0
33985,0
33995,0
34005,0
34015,0
34025,0
34035,0
34045,0
34055,0
34065,0
34075,0
34085,0
34095,0
34105,0
34115,0
34125,0
34135,0
34145,0
34155,0
34165,0
34175,0
34185,0
34195,0
34205,0
34215,0
34225,0
34235,0
34245,0
34255,0
34265,0
34275,0
34285,0
34295,0
34305,0
34315,0
34325,0
34335,0
34345,0
34355,0
34365,0
34375,0
34385,0
34395,0
34405,0
34415,0
34425,0
34435,0
34445,0
34455,0
34465,0
34475,0
34485,0
34495,0
,
