-495,1
-485,4
-475,0
-465,2
-455,2
-445,1
-435,3
-425,3
-415,7
-405,2
-395,5
-385,3
-375,2
-365,8
-355,5
-345,5
-335,6
-325,6
-315,5
-305,11
-295,3
-285,5
-275,3
-265,4
-255,6
-245,6
-235,9
-225,4
-215,1
-205,0
-195,2
-185,3
-175,5
-165,3
-155,1
-145,3
-135,3
-125,4
-115,5
-105,4
-95,11
-85,14
-75,12
-65,24
-55,51
-45,54
-35,80
-25,104
-15,114
-5,185
5,219
15,305
25,285
35,416
45,540
55,627
65,674
75,838
85,901
95,1058
105,1244
115,1339
125,1637
135,1798
145,2062
155,2364
165,2689
175,2967
185,3503
195,3843
205,4488
215,4689
225,5432
235,5654
245,6023
255,6457
265,6730
275,7069
285,7324
295,7356
305,7303
315,7280
325,7147
335,7005
345,6856
355,6430
365,6068
375,5750
385,5315
395,4816
405,4374
415,4019
425,3688
435,3180
445,3022
455,2740
465,2313
475,2156
485,1947
495,1658
505,1551
515,1412
525,1284
535,1188
545,1138
555,1022
565,994
575,941
585,927
595,882
605,859
615,846
625,821
635,878
645,775
655,799
665,759
675,770
685,762
695,757
705,767
715,734
725,713
735,727
745,710
755,709
765,698
775,708
785,700
795,709
805,681
815,682
825,656
835,704
845,672
855,692
865,695
875,710
885,695
895,678
905,665
915,649
925,668
935,664
945,676
955,662
965,630
975,622
985,682
995,647
1005,645
1015,638
1025,615
1035,620
1045,609
1055,627
1065,654
1075,617
1085,594
1095,618
1105,619
1115,585
1125,594
1135,562
1145,627
1155,578
1165,593
1175,595
1185,592
1195,627
1205,609
1215,663
1225,595
1235,591
1245,595
1255,628
1265,563
1275,543
1285,586
1295,580
1305,615
1315,576
1325,604
1335,556
1345,613
1355,604
1365,621
1375,626
1385,538
1395,638
1405,591
1415,600
1425,605
1435,615
1445,591
1455,584
1465,590
1475,606
1485,524
1495,561
1505,544
1515,584
1525,548
1535,595
1545,578
1555,604
1565,614
1575,609
1585,625
1595,583
1605,595
1615,615
1625,573
1635,573
1645,604
1655,608
1665,557
1675,620
1685,623
1695,607
1705,585
1715,593
1725,610
1735,580
1745,589
1755,584
1765,612
1775,603
1785,629
1795,576
1805,590
1815,606
1825,619
1835,587
1845,653
1855,581
1865,569
1875,595
1885,597
1895,631
1905,613
1915,601
1925,575
1935,592
1945,621
1955,602
1965,584
1975,608
1985,613
1995,617
2005,599
2015,619
2025,589
2035,627
2045,598
2055,621
2065,626
2075,631
2085,645
2095,659
2105,630
2115,624
2125,632
2135,629
2145,683
2155,680
2165,654
2175,657
2185,666
2195,688
2205,715
2215,671
2225,708
2235,724
2245,706
2255,717
2265,758
2275,700
2285,758
2295,668
2305,775
2315,768
2325,725
2335,744
2345,778
2355,700
2365,807
2375,731
2385,762
2395,755
2405,778
2415,773
2425,785
2435,774
2445,780
2455,783
2465,782
2475,762
2485,751
2495,741
2505,785
2515,754
2525,809
2535,753
2545,733
2555,731
2565,761
2575,746
2585,756
2595,756
2605,821
2615,761
2625,719
2635,756
2645,750
2655,765
2665,759
2675,699
2685,782
2695,745
2705,710
2715,701
2725,673
2735,723
2745,712
2755,704
2765,630
2775,724
2785,662
2795,636
2805,646
2815,680
2825,664
2835,697
2845,688
2855,689
2865,641
2875,640
2885,656
2895,657
2905,597
2915,638
2925,651
2935,644
2945,632
2955,685
2965,607
2975,620
2985,649
2995,597
3005,640
3015,635
3025,634
3035,618
3045,655
3055,628
3065,573
3075,589
3085,652
3095,599
3105,603
3115,588
3125,620
3135,603
3145,587
3155,593
3165,578
3175,568
3185,562
3195,582
3205,591
3215,613
3225,585
3235,505
3245,575
3255,614
3265,531
3275,522
3285,563
3295,569
3305,509
3315,608
3325,555
3335,601
3345,591
3355,581
3365,590
3375,547
3385,579
3395,555
3405,581
3415,572
3425,593
3435,573
3445,593
3455,550
3465,574
3475,553
3485,538
3495,578
3505,548
3515,619
3525,542
3535,565
3545,520
3555,570
3565,557
3575,560
3585,544
3595,564
3605,556
3615,535
3625,555
3635,545
3645,531
3655,537
3665,536
3675,535
3685,593
3695,549
3705,566
3715,514
3725,508
3735,529
3745,504
3755,557
3765,569
3775,520
3785,557
3795,528
3805,544
3815,530
3825,580
3835,562
3845,563
3855,507
3865,545
3875,500
3885,578
3895,535
3905,538
3915,515
3925,533
3935,544
3945,541
3955,539
3965,543
3975,513
3985,520
3995,571
4005,526
4015,544
4025,513
4035,509
4045,518
4055,578
4065,540
4075,529
4085,534
4095,525
4105,510
4115,547
4125,543
4135,561
4145,546
4155,551
4165,487
4175,514
4185,549
4195,551
4205,495
4215,521
4225,520
4235,533
4245,505
4255,549
4265,542
4275,550
4285,507
4295,545
4305,530
4315,494
4325,519
4335,526
4345,557
4355,517
4365,541
4375,527
4385,539
4395,544
4405,505
4415,538
4425,513
4435,522
4445,476
4455,528
4465,535
4475,545
4485,498
4495,485
4505,484
4515,512
4525,514
4535,488
4545,472
4555,538
4565,507
4575,493
4585,482
4595,536
4605,442
4615,506
4625,475
4635,527
4645,515
4655,479
4665,533
4675,513
4685,508
4695,496
4705,493
4715,535
4725,472
4735,507
4745,485
4755,514
4765,472
4775,494
4785,551
4795,471
4805,512
4815,488
4825,489
4835,478
4845,535
4855,475
4865,521
4875,457
4885,549
4895,464
4905,459
4915,499
4925,514
4935,470
4945,490
4955,486
4965,455
4975,474
4985,515
4995,458
5005,502
5015,528
5025,515
5035,466
5045,505
5055,499
5065,501
5075,448
5085,521
5095,514
5105,494
5115,445
5125,544
5135,480
5145,525
5155,471
5165,497
5175,455
5185,471
5195,483
5205,513
5215,483
5225,462
5235,495
5245,466
5255,488
5265,475
5275,490
5285,467
5295,455
5305,499
5315,407
5325,474
5335,495
5345,466
5355,493
5365,492
5375,472
5385,483
5395,474
5405,470
5415,474
5425,474
5435,452
5445,492
5455,454
5465,463
5475,447
5485,433
5495,435
5505,454
5515,423
5525,456
5535,443
5545,477
5555,429
5565,479
5575,467
5585,454
5595,453
5605,430
5615,430
5625,502
5635,451
5645,436
5655,450
5665,453
5675,480
5685,471
5695,389
5705,464
5715,428
5725,428
5735,423
5745,413
5755,455
5765,388
5775,412
5785,410
5795,425
5805,404
5815,404
5825,402
5835,391
5845,367
5855,352
5865,342
5875,394
5885,360
5895,364
5905,382
5915,386
5925,332
5935,377
5945,363
5955,393
5965,359
5975,326
5985,346
5995,310
6005,352
6015,324
6025,336
6035,326
6045,326
6055,290
6065,301
6075,331
6085,304
6095,300
6105,300
6115,288
6125,304
6135,282
6145,293
6155,302
6165,300
6175,307
6185,268
6195,257
6205,245
6215,233
6225,245
6235,260
6245,248
6255,243
6265,234
6275,227
6285,238
6295,190
6305,190
6315,215
6325,187
6335,170
6345,220
6355,195
6365,181
6375,166
6385,155
6395,171
6405,187
6415,162
6425,195
6435,144
6445,175
6455,170
6465,130
6475,110
6485,131
6495,154
6505,141
6515,128
6525,141
6535,140
6545,129
6555,112
6565,128
6575,119
6585,112
6595,132
6605,112
6615,112
6625,131
6635,119
6645,106
6655,118
6665,99
6675,117
6685,102
6695,101
6705,112
6715,106
6725,103
6735,98
6745,97
6755,110
6765,120
6775,110
6785,121
6795,127
6805,120
6815,119
6825,141
6835,122
6845,100
6855,123
6865,110
6875,139
6885,124
6895,149
6905,149
6915,146
6925,122
6935,161
6945,124
6955,160
6965,143
6975,154
6985,158
6995,177
7005,185
7015,178
7025,199
7035,196
7045,177
7055,211
7065,200
7075,200
7085,253
7095,259
7105,213
7115,254
7125,256
7135,262
7145,292
7155,293
7165,297
7175,292
7185,315
7195,329
7205,298
7215,353
7225,331
7235,338
7245,399
7255,405
7265,371
7275,397
7285,440
7295,398
7305,456
7315,451
7325,445
7335,514
7345,536
7355,491
7365,509
7375,534
7385,556
7395,552
7405,619
7415,569
7425,605
7435,633
7445,617
7455,677
7465,717
7475,658
7485,756
7495,750
7505,754
7515,757
7525,762
7535,775
7545,791
7555,865
7565,839
7575,860
7585,928
7595,902
7605,909
7615,918
7625,944
7635,955
7645,1056
7655,1002
7665,1052
7675,1011
7685,1096
7695,1089
7705,1113
7715,1104
7725,1166
7735,1143
7745,1183
7755,1180
7765,1247
7775,1211
7785,1237
7795,1167
7805,1241
7815,1265
7825,1226
7835,1349
7845,1252
7855,1276
7865,1350
7875,1318
7885,1272
7895,1345
7905,1326
7915,1329
7925,1344
7935,1377
7945,1336
7955,1370
7965,1411
7975,1285
7985,1361
7995,1346
8005,1334
8015,1366
8025,1408
8035,1385
8045,1383
8055,1376
8065,1362
8075,1410
8085,1275
8095,1301
8105,1367
8115,1360
8125,1328
8135,1287
8145,1311
8155,1251
8165,1230
8175,1267
8185,1249
8195,1290
8205,1268
8215,1162
8225,1182
8235,1112
8245,1195
8255,1158
8265,1099
8275,1099
8285,1113
8295,1092
8305,1019
8315,1037
8325,1044
8335,1003
8345,974
8355,971
8365,879
8375,893
8385,909
8395,937
8405,846
8415,823
8425,840
8435,792
8445,762
8455,723
8465,722
8475,707
8485,708
8495,724
8505,657
8515,629
8525,659
8535,598
8545,599
8555,550
8565,580
8575,521
8585,512
8595,487
8605,484
8615,484
8625,473
8635,459
8645,395
8655,418
8665,433
8675,378
8685,397
8695,340
8705,311
8715,334
8725,315
8735,309
8745,289
8755,271
8765,259
8775,255
8785,221
8795,240
8805,248
8815,213
8825,191
8835,195
8845,206
8855,190
8865,151
8875,175
8885,157
8895,158
8905,141
8915,127
8925,138
8935,139
8945,108
8955,116
8965,108
8975,101
8985,96
8995,87
9005,88
9015,90
9025,90
9035,83
9045,78
9055,77
9065,73
9075,79
9085,56
9095,58
9105,47
9115,54
9125,46
9135,40
9145,56
9155,44
9165,33
9175,48
9185,37
9195,39
9205,40
9215,25
9225,30
9235,25
9245,28
9255,23
9265,32
9275,34
9285,28
9295,24
9305,24
9315,27
9325,31
9335,24
9345,18
9355,24
9365,18
9375,13
9385,19
9395,21
9405,18
9415,23
9425,12
9435,9
9445,23
9455,16
9465,12
9475,13
9485,15
9495,15
9505,6
9515,9
9525,11
9535,15
9545,9
9555,19
9565,12
9575,11
9585,17
9595,16
9605,14
9615,9
9625,12
9635,8
9645,7
9655,13
9665,14
9675,12
9685,3
9695,14
9705,11
9715,6
9725,8
9735,9
9745,8
9755,9
9765,8
9775,6
9785,9
9795,9
9805,9
9815,8
9825,11
9835,9
9845,14
9855,7
9865,7
9875,3
9885,15
9895,6
9905,6
9915,10
9925,4
9935,8
9945,7
9955,10
9965,4
9975,6
9985,7
9995,9
10005,7
10015,5
10025,9
10035,7
10045,12
10055,9
10065,9
10075,9
10085,10
10095,14
10105,7
10115,9
10125,6
10135,5
10145,6
10155,7
10165,8
10175,15
10185,8
10195,11
10205,8
10215,12
10225,9
10235,2
10245,8
10255,4
10265,5
10275,9
10285,7
10295,12
10305,8
10315,3
10325,5
10335,3
10345,5
10355,4
10365,3
10375,4
10385,4
10395,9
10405,10
10415,8
10425,6
10435,6
10445,4
10455,11
10465,11
10475,1
10485,6
10495,4
10505,3
10515,4
10525,10
10535,9
10545,5
10555,4
10565,8
10575,4
10585,6
10595,6
10605,12
10615,3
10625,8
10635,8
10645,3
10655,8
10665,5
10675,6
10685,4
10695,10
10705,11
10715,3
10725,8
10735,2
10745,1
10755,5
10765,6
10775,9
10785,7
10795,5
10805,1
10815,7
10825,6
10835,8
10845,7
10855,7
10865,9
10875,4
10885,9
10895,7
10905,7
10915,4
10925,2
10935,4
10945,2
10955,6
10965,4
10975,7
10985,9
10995,7
11005,3
11015,6
11025,6
11035,7
11045,7
11055,6
11065,5
11075,9
11085,2
11095,4
11105,8
11115,5
11125,5
11135,9
11145,3
11155,4
11165,6
11175,9
11185,6
11195,2
11205,10
11215,3
11225,3
11235,6
11245,6
11255,6
11265,4
11275,2
11285,1
11295,7
11305,3
11315,4
11325,5
11335,4
11345,2
11355,2
11365,11
11375,1
11385,5
11395,5
11405,5
11415,6
11425,2
11435,6
11445,5
11455,5
11465,4
11475,3
11485,5
11495,4
11505,8
11515,9
11525,5
11535,2
11545,4
11555,3
11565,6
11575,7
11585,7
11595,6
11605,2
11615,5
11625,3
11635,3
11645,2
11655,6
11665,6
11675,3
11685,3
11695,5
11705,4
11715,5
11725,4
11735,2
11745,12
11755,4
11765,5
11775,6
11785,3
11795,6
11805,3
11815,2
11825,3
11835,5
11845,4
11855,4
11865,4
11875,4
11885,4
11895,3
11905,2
11915,6
11925,4
11935,4
11945,1
11955,1
11965,2
11975,5
11985,3
11995,1
12005,5
12015,4
12025,3
12035,2
12045,1
12055,5
12065,2
12075,1
12085,4
12095,4
12105,1
12115,2
12125,0
12135,3
12145,0
12155,4
12165,1
12175,8
12185,2
12195,2
12205,7
12215,2
12225,4
12235,1
12245,5
12255,2
12265,1
12275,3
12285,4
12295,5
12305,3
12315,4
12325,2
12335,0
12345,5
12355,3
12365,5
12375,2
12385,5
12395,6
12405,5
12415,1
12425,2
12435,4
12445,2
12455,2
12465,1
12475,0
12485,4
12495,4
12505,4
12515,4
12525,1
12535,4
12545,3
12555,2
12565,3
12575,4
12585,6
12595,0
12605,3
12615,2
12625,4
12635,2
12645,3
12655,3
12665,3
12675,2
12685,3
12695,1
12705,2
12715,1
12725,1
12735,2
12745,3
12755,2
12765,3
12775,3
12785,3
12795,2
12805,4
12815,6
12825,3
12835,1
12845,0
12855,4
12865,6
12875,3
12885,2
12895,2
12905,0
12915,4
12925,7
12935,2
12945,5
12955,4
12965,7
12975,6
12985,1
12995,2
13005,1
13015,1
13025,6
13035,5
13045,2
13055,2
13065,0
13075,2
13085,2
13095,2
13105,3
13115,1
13125,3
13135,3
13145,2
13155,1
13165,1
13175,0
13185,1
13195,4
13205,1
13215,6
13225,0
13235,3
13245,3
13255,3
13265,1
13275,2
13285,4
13295,2
13305,2
13315,5
13325,4
13335,1
13345,1
13355,1
13365,5
13375,2
13385,1
13395,2
13405,3
13415,1
13425,3
13435,3
13445,0
13455,0
13465,3
13475,4
13485,0
13495,2
13505,2
13515,0
13525,2
13535,0
13545,2
13555,1
13565,6
13575,1
13585,3
13595,1
13605,0
13615,1
13625,1
13635,1
13645,2
13655,1
13665,2
13675,2
13685,0
13695,0
13705,0
13715,3
13725,1
13735,1
13745,0
13755,1
13765,5
13775,3
13785,1
13795,1
13805,2
13815,3
13825,1
13835,1
13845,0
13855,0
13865,0
13875,1
13885,2
13895,1
13905,2
13915,2
13925,1
13935,0
13945,1
13955,1
13965,4
13975,1
13985,0
13995,1
14005,0
14015,2
14025,1
14035,2
14045,1
14055,0
14065,2
14075,1
14085,3
14095,3
14105,0
14115,2
14125,0
14135,1
14145,1
14155,3
14165,1
14175,0
14185,4
14195,0
14205,3
14215,2
14225,1
14235,0
14245,1
14255,0
14265,0
14275,2
14285,1
14295,1
14305,1
14315,2
14325,1
14335,1
14345,0
14355,2
14365,1
14375,3
14385,1
14395,2
14405,2
14415,1
14425,0
14435,0
14445,0
14455,0
14465,0
14475,3
14485,2
14495,2
14505,1
14515,1
14525,2
14535,0
14545,2
14555,1
14565,4
14575,1
14585,1
14595,0
14605,2
14615,1
14625,0
14635,3
14645,0
14655,1
14665,1
14675,3
14685,3
14695,0
14705,2
14715,3
14725,2
14735,3
14745,5
14755,1
14765,0
14775,2
14785,1
14795,0
14805,2
14815,5
14825,2
14835,3
14845,5
14855,3
14865,1
14875,1
14885,2
14895,3
14905,0
14915,4
14925,2
14935,1
14945,2
14955,1
14965,6
14975,0
14985,3
14995,1
15005,1
15015,3
15025,0
15035,1
15045,0
15055,0
15065,1
15075,1
15085,2
15095,3
15105,4
15115,0
15125,1
15135,3
15145,1
15155,3
15165,4
15175,1
15185,3
15195,3
15205,2
15215,3
15225,1
15235,1
15245,1
15255,2
15265,4
15275,1
15285,1
15295,0
15305,1
15315,1
15325,3
15335,0
15345,4
15355,2
15365,0
15375,4
15385,1
15395,2
15405,1
15415,0
15425,6
15435,2
15445,3
15455,1
15465,2
15475,2
15485,1
15495,0
15505,2
15515,2
15525,3
15535,3
15545,0
15555,3
15565,3
15575,4
15585,5
15595,2
15605,1
15615,1
15625,1
15635,1
15645,3
15655,4
15665,4
15675,1
15685,4
15695,1
15705,0
15715,1
15725,0
15735,1
15745,0
15755,2
15765,0
15775,1
15785,1
15795,1
15805,2
15815,0
15825,0
15835,1
15845,0
15855,1
15865,0
15875,1
15885,0
15895,3
15905,1
15915,0
15925,0
15935,0
15945,0
15955,0
15965,2
15975,1
15985,1
15995,0
16005,0
16015,1
16025,1
16035,1
16045,0
16055,2
16065,1
16075,2
16085,0
16095,1
16105,0
16115,1
16125,0
16135,1
16145,1
16155,1
16165,1
16175,1
16185,0
16195,1
16205,2
16215,0
16225,0
16235,0
16245,0
16255,1
16265,0
16275,1
16285,2
16295,1
16305,2
16315,0
16325,0
16335,0
16345,1
16355,0
16365,0
16375,0
16385,2
16395,0
16405,0
16415,0
16425,0
16435,0
16445,0
16455,1
16465,0
16475,1
16485,1
16495,0
16505,0
16515,0
16525,0
16535,1
16545,0
16555,1
16565,0
16575,0
16585,0
16595,0
16605,0
16615,0
16625,0
16635,0
16645,1
16655,0
16665,0
16675,0
16685,0
16695,0
16705,0
16715,0
16725,0
16735,0
16745,0
16755,1
16765,0
16775,0
16785,0
16795,0
16805,0
16815,0
16825,0
16835,0
16845,0
16855,0
16865,0
16875,0
16885,0
16895,0
16905,0
16915,0
16925,0
16935,3
16945,0
16955,1
16965,0
16975,0
16985,0
16995,0
17005,0
17015,0
17025,0
17035,0
17045,0
17055,1
17065,0
17075,0
17085,0
17095,0
17105,0
17115,0
17125,1
17135,0
17145,0
17155,0
17165,1
17175,0
17185,0
17195,0
17205,0
17215,0
17225,0
17235,0
17245,0
17255,0
17265,0
17275,0
17285,0
17295,0
17305,0
17315,0
17325,0
17335,0
17345,0
17355,0
17365,1
17375,0
17385,0
17395,0
17405,0
17415,0
17425,0
17435,0
17445,0
17455,0
17465,0
17475,0
17485,0
17495,0
17505,0
17515,0
17525,0
17535,0
17545,0
17555,0
17565,0
17575,0
17585,0
17595,0
17605,0
17615,0
17625,0
17635,0
17645,0
17655,0
17665,0
17675,0
17685,0
17695,0
17705,0
17715,0
17725,0
17735,0
17745,0
17755,0
17765,0
17775,0
17785,0
17795,0
17805,0
17815,0
17825,0
17835,0
17845,0
17855,0
17865,0
17875,0
17885,0
17895,0
17905,0
17915,0
17925,0
17935,0
17945,0
17955,0
17965,0
17975,0
17985,0
17995,0
18005,0
18015,0
18025,0
18035,0
18045,0
18055,0
18065,0
18075,1
18085,0
18095,0
18105,0
18115,0
18125,0
18135,0
18145,0
18155,0
18165,0
18175,0
18185,0
18195,0
18205,0
18215,0
18225,0
18235,0
18245,0
18255,0
18265,0
18275,0
18285,0
18295,0
18305,0
18315,0
18325,0
18335,0
18345,0
18355,0
18365,0
18375,0
18385,0
18395,0
18405,0
18415,0
18425,0
18435,0
18445,0
18455,0
18465,0
18475,0
18485,0
18495,0
18505,0
18515,0
18525,0
18535,0
18545,0
18555,0
18565,0
18575,0
18585,0
18595,0
18605,0
18615,0
18625,0
18635,0
18645,0
18655,0
18665,0
18675,0
18685,0
18695,0
18705,0
18715,0
18725,0
18735,0
18745,0
18755,0
18765,0
18775,0
18785,0
18795,0
18805,0
18815,0
18825,0
18835,0
18845,0
18855,0
18865,0
18875,0
18885,0
18895,0
18905,0
18915,0
18925,0
18935,0
18945,0
18955,0
18965,0
18975,0
18985,0
18995,0
19005,0
19015,0
19025,1
19035,0
19045,0
19055,0
19065,0
19075,0
19085,0
19095,0
19105,0
19115,0
19125,0
19135,0
19145,0
19155,0
19165,0
19175,0
19185,0
19195,0
19205,0
19215,0
19225,0
19235,0
19245,0
19255,0
19265,0
19275,0
19285,0
19295,0
19305,0
19315,0
19325,0
19335,0
19345,0
19355,0
19365,0
19375,0
19385,0
19395,0
19405,0
19415,0
19425,0
19435,0
19445,0
19455,0
19465,0
19475,0
19485,0
19495,0
19505,0
19515,0
19525,0
19535,0
19545,0
19555,0
19565,0
19575,0
19585,0
19595,0
19605,0
19615,0
19625,0
19635,0
19645,0
19655,0
19665,0
19675,0
19685,0
19695,0
19705,0
19715,0
19725,0
19735,0
19745,0
19755,0
19765,0
19775,0
19785,0
19795,0
19805,0
19815,0
19825,0
19835,0
19845,0
19855,0
19865,0
19875,0
19885,0
19895,0
19905,0
19915,0
19925,0
19935,0
19945,0
19955,0
19965,0
19975,0
19985,0
19995,0
20005,0
20015,0
20025,0
20035,0
20045,0
20055,0
20065,0
20075,0
20085,0
20095,0
20105,0
20115,0
20125,0
20135,0
20145,0
20155,0
20165,0
20175,0
20185,0
20195,0
20205,0
20215,0
20225,0
20235,0
20245,0
20255,0
20265,0
20275,0
20285,0
20295,0
20305,0
20315,0
20325,0
20335,0
20345,0
20355,0
20365,0
20375,0
20385,0
20395,0
20405,0
20415,0
20425,0
20435,0
20445,0
20455,0
20465,0
20475,0
20485,0
20495,0
20505,0
20515,0
20525,0
20535,0
20545,0
20555,0
20565,0
20575,0
20585,0
20595,0
20605,0
20615,0
20625,0
20635,0
20645,0
20655,0
20665,0
20675,0
20685,0
20695,0
20705,0
20715,0
20725,0
20735,0
20745,0
20755,0
20765,0
20775,0
20785,0
20795,0
20805,0
20815,0
20825,0
20835,0
20845,0
20855,0
20865,0
20875,0
20885,0
20895,0
20905,0
20915,0
20925,0
20935,0
20945,0
20955,0
20965,0
20975,0
20985,0
20995,0
21005,0
21015,0
21025,0
21035,0
21045,0
21055,0
21065,0
21075,0
21085,0
21095,0
21105,0
21115,0
21125,0
21135,0
21145,0
21155,0
21165,0
21175,0
21185,0
21195,0
21205,0
21215,0
21225,0
21235,0
21245,0
21255,0
21265,0
21275,0
21285,0
21295,1
21305,0
21315,0
21325,0
21335,0
21345,0
21355,0
21365,0
21375,0
21385,0
21395,0
21405,0
21415,0
21425,0
21435,0
21445,0
21455,1
21465,0
21475,0
21485,0
21495,0
21505,0
21515,0
21525,0
21535,0
21545,0
21555,0
21565,0
21575,0
21585,0
21595,0
21605,0
21615,0
21625,0
21635,0
21645,0
21655,0
21665,0
21675,0
21685,0
21695,0
21705,0
21715,0
21725,0
21735,0
21745,0
21755,0
21765,0
21775,0
21785,0
21795,0
21805,0
21815,0
21825,0
21835,0
21845,0
21855,0
21865,0
21875,0
21885,0
21895,0
21905,0
21915,0
21925,0
21935,0
21945,0
21955,0
21965,0
21975,0
21985,0
21995,0
22005,0
22015,0
22025,0
22035,0
22045,0
22055,0
22065,0
22075,0
22085,0
22095,0
22105,0
22115,0
22125,0
22135,0
22145,0
22155,1
22165,0
22175,0
22185,0
22195,0
22205,0
22215,0
22225,0
22235,0
22245,0
22255,0
22265,0
22275,0
22285,0
22295,0
22305,0
22315,0
22325,0
22335,0
22345,0
22355,0
22365,0
22375,0
22385,0
22395,0
22405,0
22415,0
22425,0
22435,0
22445,0
22455,0
22465,0
22475,0
22485,0
22495,0
22505,0
22515,0
22525,0
22535,0
22545,0
22555,0
22565,0
22575,0
22585,0
22595,0
22605,0
22615,0
22625,0
22635,0
22645,0
22655,0
22665,0
22675,0
22685,0
22695,0
22705,0
22715,0
22725,0
22735,0
22745,0
22755,0
22765,0
22775,0
22785,0
22795,0
22805,0
22815,0
22825,0
22835,0
22845,0
22855,0
22865,0
22875,0
22885,0
22895,0
22905,0
22915,0
22925,0
22935,0
22945,0
22955,0
22965,0
22975,0
22985,0
22995,0
23005,0
23015,0
23025,0
23035,0
23045,0
23055,0
23065,0
23075,0
23085,0
23095,0
23105,0
23115,0
23125,0
23135,0
23145,0
23155,0
23165,0
23175,0
23185,0
23195,0
23205,0
23215,0
23225,0
23235,0
23245,0
23255,0
23265,0
23275,0
23285,0
23295,0
23305,0
23315,0
23325,0
23335,0
23345,0
23355,0
23365,0
23375,0
23385,0
23395,0
23405,0
23415,0
23425,0
23435,0
23445,0
23455,0
23465,0
23475,0
23485,0
23495,0
23505,0
23515,0
23525,0
23535,0
23545,0
23555,0
23565,0
23575,0
23585,0
23595,0
23605,0
23615,0
23625,0
23635,0
23645,0
23655,0
23665,0
23675,0
23685,0
23695,0
23705,0
23715,0
23725,0
23735,0
23745,0
23755,0
23765,0
23775,0
23785,0
23795,0
23805,0
23815,0
23825,0
23835,0
23845,0
23855,0
23865,0
23875,0
23885,0
23895,0
23905,0
23915,0
23925,0
23935,0
23945,0
23955,0
23965,0
23975,0
23985,0
23995,0
24005,0
24015,0
24025,0
24035,0
24045,0
24055,0
24065,0
24075,0
24085,0
24095,0
24105,0
24115,0
24125,0
24135,0
24145,0
24155,0
24165,0
24175,0
24185,0
24195,0
24205,0
24215,0
24225,0
24235,0
24245,0
24255,0
24265,0
24275,0
24285,0
24295,0
24305,0
24315,0
24325,0
24335,0
24345,0
24355,0
24365,0
24375,0
24385,0
24395,0
24405,0
24415,0
24425,0
24435,0
24445,0
24455,0
24465,0
24475,0
24485,0
24495,0
24505,0
24515,0
24525,0
24535,0
24545,0
24555,0
24565,0
24575,0
24585,0
24595,0
24605,0
24615,0
24625,0
24635,0
24645,0
24655,0
24665,0
24675,0
24685,0
24695,0
24705,0
24715,0
24725,0
24735,0
24745,0
24755,0
24765,0
24775,0
24785,0
24795,0
24805,0
24815,0
24825,0
24835,0
24845,0
24855,0
24865,0
24875,0
24885,0
24895,0
24905,0
24915,0
24925,0
24935,0
24945,0
24955,0
24965,0
24975,0
24985,0
24995,0
25005,0
25015,0
25025,0
25035,0
25045,0
25055,0
25065,0
25075,0
25085,0
25095,0
25105,0
25115,0
25125,0
25135,0
25145,0
25155,0
25165,0
25175,0
25185,0
25195,0
25205,0
25215,0
25225,0
25235,0
25245,0
25255,0
25265,0
25275,0
25285,0
25295,0
25305,0
25315,0
25325,0
25335,0
25345,0
25355,0
25365,0
25375,0
25385,0
25395,0
25405,0
25415,0
25425,0
25435,0
25445,0
25455,0
25465,0
25475,0
25485,0
25495,0
25505,0
25515,0
25525,0
25535,0
25545,0
25555,0
25565,0
25575,0
25585,0
25595,0
25605,0
25615,0
25625,0
25635,0
25645,0
25655,0
25665,0
25675,0
25685,0
25695,0
25705,0
25715,0
25725,0
25735,0
25745,0
25755,0
25765,0
25775,0
25785,0
25795,0
25805,0
25815,0
25825,0
25835,0
25845,0
25855,0
25865,0
25875,0
25885,0
25895,0
25905,0
25915,0
25925,0
25935,0
25945,0
25955,0
25965,0
25975,0
25985,0
25995,0
26005,0
26015,0
26025,0
26035,0
26045,0
26055,0
26065,0
26075,0
26085,0
26095,0
26105,0
26115,0
26125,0
26135,0
26145,0
26155,0
26165,0
26175,0
26185,0
26195,0
26205,0
26215,0
26225,0
26235,0
26245,0
26255,0
26265,0
26275,0
26285,0
26295,0
26305,0
26315,0
26325,0
26335,0
26345,0
26355,0
26365,0
26375,0
26385,0
26395,0
26405,0
26415,0
26425,0
26435,0
26445,0
26455,0
26465,0
26475,0
26485,0
26495,0
26505,0
26515,0
26525,0
26535,0
26545,0
26555,0
26565,0
26575,0
26585,0
26595,0
26605,0
26615,0
26625,0
26635,0
26645,0
26655,0
26665,0
26675,0
26685,0
26695,0
26705,0
26715,0
26725,0
26735,0
26745,0
26755,0
26765,0
26775,0
26785,0
26795,0
26805,0
26815,0
26825,0
26835,0
26845,0
26855,0
26865,0
26875,0
26885,0
26895,0
26905,0
26915,0
26925,0
26935,0
26945,0
26955,0
26965,0
26975,0
26985,0
26995,0
27005,0
27015,0
27025,0
27035,0
27045,0
27055,0
27065,0
27075,0
27085,0
27095,0
27105,0
27115,0
27125,0
27135,0
27145,0
27155,0
27165,0
27175,0
27185,0
27195,0
27205,0
27215,0
27225,0
27235,0
27245,0
27255,0
27265,0
27275,0
27285,0
27295,0
27305,0
27315,0
27325,0
27335,0
27345,0
27355,0
27365,0
27375,0
27385,0
27395,0
27405,0
27415,0
27425,0
27435,0
27445,0
27455,0
27465,0
27475,0
27485,0
27495,0
27505,0
27515,0
27525,0
27535,0
27545,0
27555,0
27565,0
27575,0
27585,0
27595,0
27605,0
27615,0
27625,0
27635,0
27645,0
27655,0
27665,0
27675,0
27685,0
27695,0
27705,0
27715,0
27725,0
27735,0
27745,0
27755,0
27765,0
27775,0
27785,0
27795,0
27805,0
27815,0
27825,0
27835,0
27845,0
27855,0
27865,0
27875,0
27885,0
27895,0
27905,0
27915,0
27925,0
27935,0
27945,0
27955,0
27965,0
27975,0
27985,0
27995,0
28005,0
28015,0
28025,0
28035,0
28045,0
28055,0
28065,0
28075,0
28085,0
28095,0
28105,0
28115,0
28125,0
28135,0
28145,0
28155,0
28165,0
28175,0
28185,0
28195,0
28205,0
28215,0
28225,0
28235,0
28245,0
28255,0
28265,0
28275,0
28285,0
28295,0
28305,0
28315,0
28325,0
28335,0
28345,0
28355,0
28365,0
28375,0
28385,0
28395,0
28405,0
28415,0
28425,0
28435,0
28445,0
28455,0
28465,0
28475,0
28485,0
28495,0
28505,0
28515,0
28525,0
28535,0
28545,0
28555,0
28565,0
28575,0
28585,0
28595,0
28605,0
28615,0
28625,0
28635,0
28645,0
28655,0
28665,0
28675,0
28685,0
28695,0
28705,0
28715,0
28725,0
28735,0
28745,0
28755,0
28765,0
28775,0
28785,0
28795,0
28805,0
28815,0
28825,0
28835,0
28845,0
28855,0
28865,0
28875,0
28885,0
28895,0
28905,0
28915,0
28925,0
28935,0
28945,0
28955,0
28965,0
28975,0
28985,0
28995,0
29005,0
29015,0
29025,0
29035,0
29045,0
29055,0
29065,0
29075,0
29085,0
29095,0
29105,0
29115,0
29125,0
29135,0
29145,0
29155,0
29165,0
29175,0
29185,0
29195,0
29205,0
29215,0
29225,0
29235,0
29245,0
29255,0
29265,0
29275,0
29285,0
29295,0
29305,0
29315,0
29325,0
29335,0
29345,0
29355,0
29365,0
29375,0
29385,0
29395,0
29405,0
29415,0
29425,0
29435,0
29445,0
29455,0
29465,0
29475,0
29485,0
29495,0
29505,0
29515,0
29525,0
29535,0
29545,0
29555,0
29565,0
29575,0
29585,0
29595,0
29605,0
29615,0
29625,0
29635,0
29645,0
29655,0
29665,0
29675,0
29685,0
29695,0
29705,0
29715,0
29725,0
29735,0
29745,0
29755,0
29765,0
29775,0
29785,0
29795,0
29805,0
29815,0
29825,0
29835,0
29845,0
29855,0
29865,0
29875,0
29885,0
29895,0
29905,0
29915,0
29925,0
29935,0
29945,0
29955,0
29965,0
29975,0
29985,0
29995,0
30005,0
30015,0
30025,0
30035,0
30045,0
30055,0
30065,0
30075,0
30085,0
30095,0
30105,0
30115,0
30125,0
30135,0
30145,0
30155,0
30165,0
30175,0
30185,0
30195,0
30205,0
30215,0
30225,0
30235,0
30245,0
30255,0
30265,0
30275,0
30285,0
30295,0
30305,0
30315,0
30325,0
30335,0
30345,0
30355,0
30365,0
30375,0
30385,0
30395,0
30405,0
30415,0
30425,0
30435,0
30445,0
30455,0
30465,0
30475,0
30485,0
30495,0
30505,0
30515,0
30525,0
30535,0
30545,0
30555,0
30565,0
30575,0
30585,0
30595,0
30605,0
30615,0
30625,0
30635,0
30645,0
30655,0
30665,0
30675,0
30685,0
30695,0
30705,0
30715,0
30725,0
30735,0
30745,0
30755,0
30765,0
30775,0
30785,0
30795,0
30805,0
30815,0
30825,0
30835,0
30845,0
30855,0
30865,0
30875,0
30885,0
30895,0
30905,0
30915,0
30925,0
30935,0
30945,0
30955,0
30965,0
30975,0
30985,0
30995,0
31005,0
31015,0
31025,0
31035,0
31045,0
31055,0
31065,0
31075,0
31085,0
31095,0
31105,0
31115,0
31125,0
31135,0
31145,0
31155,0
31165,0
31175,0
31185,0
31195,0
31205,0
31215,0
31225,0
31235,0
31245,0
31255,0
31265,0
31275,0
31285,0
31295,0
31305,0
31315,0
31325,0
31335,0
31345,0
31355,0
31365,0
31375,0
31385,0
31395,0
31405,0
31415,0
31425,0
31435,0
31445,0
31455,0
31465,0
31475,0
31485,0
31495,0
31505,0
31515,0
31525,0
31535,0
31545,0
31555,0
31565,0
31575,0
31585,0
31595,0
31605,0
31615,0
31625,0
31635,0
31645,0
31655,0
31665,0
31675,0
31685,0
31695,0
31705,0
31715,0
31725,0
31735,0
31745,0
31755,0
31765,0
31775,0
31785,0
31795,0
31805,0
31815,0
31825,0
31835,0
31845,0
31855,0
31865,0
31875,0
31885,0
31895,0
31905,0
31915,0
31925,0
31935,0
31945,0
31955,0
31965,0
31975,0
31985,0
31995,0
32005,0
32015,0
32025,0
32035,0
32045,0
32055,0
32065,0
32075,0
32085,0
32095,0
32105,0
32115,0
32125,0
32135,0
32145,0
32155,0
32165,0
32175,0
32185,0
32195,0
32205,0
32215,0
32225,0
32235,0
32245,0
32255,0
32265,0
32275,0
32285,0
32295,0
32305,0
32315,0
32325,0
32335,0
32345,0
32355,0
32365,0
32375,0
32385,0
32395,0
32405,0
32415,0
32425,0
32435,0
32445,0
32455,0
32465,0
32475,0
32485,0
32495,0
32505,0
32515,0
32525,0
32535,0
32545,0
32555,0
32565,0
32575,0
32585,0
32595,0
32605,0
32615,0
32625,0
32635,0
32645,0
32655,0
32665,0
32675,0
32685,0
32695,0
32705,0
32715,0
32725,0
32735,0
32745,0
32755,0
32765,0
32775,0
32785,0
32795,0
32805,0
32815,0
32825,0
32835,0
32845,0
32855,0
32865,0
32875,0
32885,0
32895,0
32905,0
32915,0
32925,0
32935,0
32945,0
32955,0
32965,0
32975,0
32985,0
32995,0
33005,0
33015,0
33025,0
33035,0
33045,0
33055,0
33065,0
33075,0
33085,0
33095,0
33105,0
33115,0
33125,0
33135,0
33145,0
33155,0
33165,0
33175,0
33185,0
33195,0
33205,0
33215,0
33225,0
33235,0
33245,0
33255,0
33265,0
33275,0
33285,0
33295,0
33305,0
33315,0
33325,0
33335,0
33345,0
33355,0
33365,0
33375,0
33385,0
33395,0
33405,0
33415,0
33425,0
33435,0
33445,0
33455,0
33465,0
33475,0
33485,0
33495,0
33505,0
33515,0
33525,0
33535,0
33545,0
33555,0
33565,0
33575,1
33585,0
33595,0
33605,0
33615,0
33625,0
33635,0
33645,0
33655,0
33665,0
33675,0
33685,0
33695,0
33705,0
33715,0
33725,0
33735,0
33745,0
33755,0
33765,0
33775,0
33785,0
33795,0
33805,0
33815,0
33825,0
33835,0
33845,0
33855,0
33865,0
33875,0
33885,0
33895,0
33905,0
33915,0
33925,0
33935,0
33945,0
33955,0
33965,0
33975,0
33985,0
33995,0
34005,0
34015,0
34025,0
34035,0
34045,0
34055,0
34065,0
34075,0
34085,0
34095,0
34105,0
34115,0
34125,0
34135,0
34145,0
34155,0
34165,0
34175,0
34185,0
34195,0
34205,0
34215,0
34225,0
34235,0
34245,0
34255,0
34265,0
34275,0
34285,0
34295,0
34305,0
34315,0
34325,0
34335,0
34345,0
34355,0
34365,0
34375,0
34385,0
34395,0
34405,0
34415,0
34425,0
34435,0
34445,0
34455,0
34465,0
34475,0
34485,0
34495,0
,
