-495,3
-485,1
-475,0
-465,0
-455,0
-445,1
-435,0
-425,1
-415,1
-405,4
-395,2
-385,2
-375,1
-365,0
-355,0
-345,1
-335,0
-325,0
-315,0
-305,0
-295,0
-285,0
-275,0
-265,0
-255,0
-245,0
-235,2
-225,2
-215,1
-205,7
-195,9
-185,19
-175,22
-165,38
-155,77
-145,128
-135,209
-125,313
-115,394
-105,587
-95,803
-85,968
-75,1114
-65,1288
-55,1461
-45,1544
-35,1649
-25,1640
-15,1713
-5,1610
5,1536
15,1433
25,1294
35,1184
45,985
55,841
65,671
75,531
85,446
95,355
105,315
115,277
125,245
135,258
145,218
155,262
165,244
175,283
185,278
195,291
205,315
215,343
225,329
235,342
245,381
255,379
265,413
275,402
285,438
295,465
305,497
315,470
325,527
335,513
345,561
355,555
365,597
375,658
385,680
395,648
405,727
415,761
425,797
435,795
445,852
455,909
465,940
475,1015
485,1084
495,1135
505,1225
515,1245
525,1410
535,1587
545,1745
555,1957
565,2161
575,2321
585,2580
595,2760
605,3106
615,3523
625,3709
635,4037
645,4454
655,4838
665,5123
675,5364
685,5766
695,6083
705,6469
715,6649
725,6801
735,7016
745,7129
755,7161
765,7252
775,7206
785,6971
795,6932
805,6521
815,6396
825,6340
835,5910
845,5539
855,5286
865,4932
875,4553
885,4274
895,3978
905,3734
915,3372
925,3089
935,2818
945,2543
955,2335
965,2184
975,1934
985,1755
995,1672
1005,1488
1015,1435
1025,1304
1035,1173
1045,1104
1055,1084
1065,971
1075,936
1085,920
1095,865
1105,845
1115,787
1125,781
1135,657
1145,679
1155,691
1165,695
1175,697
1185,660
1195,652
1205,647
1215,642
1225,634
1235,671
1245,659
1255,655
1265,643
1275,639
1285,655
1295,609
1305,628
1315,632
1325,619
1335,630
1345,649
1355,604
1365,630
1375,600
1385,586
1395,614
1405,600
1415,614
1425,614
1435,599
1445,628
1455,557
1465,618
1475,572
1485,590
1495,566
1505,589
1515,533
1525,583
1535,579
1545,549
1555,542
1565,518
1575,545
1585,531
1595,511
1605,528
1615,502
1625,506
1635,502
1645,514
1655,492
1665,502
1675,507
1685,466
1695,487
1705,461
1715,493
1725,502
1735,466
1745,453
1755,470
1765,475
1775,463
1785,490
1795,505
1805,432
1815,434
1825,448
1835,454
1845,465
1855,464
1865,441
1875,448
1885,466
1895,477
1905,440
1915,436
1925,471
1935,439
1945,479
1955,472
1965,441
1975,434
1985,445
1995,448
2005,467
2015,467
2025,448
2035,447
2045,438
2055,469
2065,447
2075,445
2085,421
2095,433
2105,447
2115,422
2125,447
2135,456
2145,459
2155,389
2165,444
2175,446
2185,465
2195,458
2205,396
2215,435
2225,413
2235,479
2245,425
2255,420
2265,466
2275,448
2285,424
2295,442
2305,420
2315,449
2325,462
2335,446
2345,417
2355,443
2365,478
2375,452
2385,442
2395,405
2405,439
2415,438
2425,453
2435,446
2445,403
2455,465
2465,418
2475,468
2485,457
2495,447
2505,431
2515,439
2525,419
2535,460
2545,422
2555,391
2565,435
2575,450
2585,431
2595,431
2605,396
2615,447
2625,431
2635,460
2645,413
2655,426
2665,436
2675,446
2685,406
2695,449
2705,430
2715,444
2725,412
2735,447
2745,424
2755,405
2765,429
2775,456
2785,419
2795,402
2805,482
2815,451
2825,426
2835,447
2845,417
2855,436
2865,445
2875,415
2885,414
2895,420
2905,422
2915,440
2925,427
2935,438
2945,442
2955,450
2965,408
2975,434
2985,431
2995,470
3005,428
3015,449
3025,463
3035,465
3045,423
3055,400
3065,440
3075,426
3085,453
3095,450
3105,403
3115,458
3125,419
3135,431
3145,428
3155,465
3165,466
3175,466
3185,431
3195,410
3205,427
3215,417
3225,409
3235,425
3245,432
3255,456
3265,449
3275,447
3285,429
3295,491
3305,487
3315,467
3325,499
3335,508
3345,465
3355,462
3365,462
3375,451
3385,451
3395,498
3405,439
3415,451
3425,465
3435,451
3445,464
3455,462
3465,529
3475,452
3485,516
3495,431
3505,466
3515,446
3525,489
3535,493
3545,498
3555,441
3565,478
3575,496
3585,491
3595,474
3605,545
3615,482
3625,505
3635,534
3645,529
3655,512
3665,528
3675,521
3685,524
3695,512
3705,495
3715,491
3725,535
3735,522
3745,512
3755,522
3765,534
3775,559
3785,536
3795,539
3805,548
3815,541
3825,567
3835,555
3845,508
3855,556
3865,507
3875,520
3885,503
3895,529
3905,538
3915,583
3925,524
3935,551
3945,573
3955,531
3965,565
3975,531
3985,585
3995,541
4005,572
4015,590
4025,508
4035,547
4045,512
4055,520
4065,561
4075,570
4085,541
4095,542
4105,554
4115,540
4125,524
4135,566
4145,519
4155,559
4165,541
4175,563
4185,544
4195,532
4205,510
4215,535
4225,539
4235,553
4245,519
4255,539
4265,519
4275,523
4285,476
4295,541
4305,471
4315,519
4325,496
4335,484
4345,499
4355,488
4365,510
4375,496
4385,504
4395,502
4405,507
4415,485
4425,484
4435,472
4445,487
4455,474
4465,456
4475,460
4485,460
4495,485
4505,436
4515,456
4525,457
4535,476
4545,450
4555,476
4565,440
4575,494
4585,454
4595,427
4605,442
4615,469
4625,417
4635,434
4645,429
4655,458
4665,459
4675,434
4685,468
4695,434
4705,439
4715,415
4725,388
4735,408
4745,445
4755,412
4765,422
4775,428
4785,405
4795,418
4805,438
4815,403
4825,435
4835,435
4845,400
4855,409
4865,389
4875,410
4885,409
4895,392
4905,420
4915,405
4925,408
4935,421
4945,413
4955,411
4965,409
4975,362
4985,423
4995,417
5005,400
5015,400
5025,402
5035,400
5045,396
5055,401
5065,363
5075,426
5085,401
5095,399
5105,417
5115,391
5125,359
5135,399
5145,379
5155,356
5165,379
5175,364
5185,392
5195,384
5205,375
5215,385
5225,368
5235,398
5245,416
5255,380
5265,383
5275,357
5285,378
5295,390
5305,380
5315,400
5325,375
5335,370
5345,367
5355,334
5365,345
5375,364
5385,398
5395,378
5405,386
5415,367
5425,365
5435,350
5445,390
5455,365
5465,381
5475,372
5485,356
5495,320
5505,381
5515,370
5525,346
5535,367
5545,365
5555,370
5565,368
5575,366
5585,362
5595,345
5605,380
5615,397
5625,348
5635,330
5645,331
5655,336
5665,351
5675,367
5685,344
5695,399
5705,356
5715,357
5725,344
5735,372
5745,357
5755,354
5765,365
5775,350
5785,351
5795,358
5805,335
5815,379
5825,344
5835,381
5845,340
5855,341
5865,356
5875,362
5885,342
5895,359
5905,354
5915,349
5925,385
5935,348
5945,356
5955,361
5965,368
5975,381
5985,375
5995,354
6005,396
6015,346
6025,347
6035,366
6045,360
6055,335
6065,349
6075,380
6085,364
6095,350
6105,354
6115,320
6125,381
6135,356
6145,332
6155,355
6165,359
6175,322
6185,344
6195,317
6205,374
6215,337
6225,363
6235,350
6245,342
6255,354
6265,323
6275,322
6285,355
6295,351
6305,367
6315,346
6325,320
6335,341
6345,316
6355,326
6365,343
6375,359
6385,379
6395,367
6405,329
6415,360
6425,321
6435,322
6445,377
6455,345
6465,358
6475,313
6485,368
6495,365
6505,376
6515,354
6525,355
6535,349
6545,321
6555,323
6565,369
6575,338
6585,330
6595,344
6605,329
6615,319
6625,334
6635,334
6645,376
6655,319
6665,373
6675,329
6685,343
6695,380
6705,324
6715,328
6725,335
6735,354
6745,372
6755,333
6765,323
6775,328
6785,368
6795,341
6805,328
6815,350
6825,380
6835,341
6845,320
6855,368
6865,324
6875,371
6885,331
6895,329
6905,337
6915,360
6925,339
6935,292
6945,323
6955,350
6965,328
6975,360
6985,340
6995,329
7005,364
7015,362
7025,300
7035,282
7045,332
7055,346
7065,395
7075,355
7085,332
7095,342
7105,323
7115,312
7125,343
7135,348
7145,340
7155,344
7165,351
7175,324
7185,367
7195,353
7205,323
7215,358
7225,368
7235,340
7245,352
7255,360
7265,341
7275,333
7285,340
7295,319
7305,347
7315,301
7325,349
7335,347
7345,334
7355,351
7365,314
7375,331
7385,334
7395,328
7405,366
7415,286
7425,297
7435,344
7445,358
7455,374
7465,333
7475,300
7485,354
7495,374
7505,323
7515,301
7525,308
7535,328
7545,353
7555,368
7565,339
7575,341
7585,334
7595,332
7605,338
7615,335
7625,312
7635,309
7645,337
7655,344
7665,328
7675,342
7685,364
7695,278
7705,321
7715,317
7725,316
7735,344
7745,311
7755,299
7765,349
7775,305
7785,324
7795,331
7805,340
7815,340
7825,304
7835,310
7845,354
7855,305
7865,329
7875,316
7885,301
7895,294
7905,316
7915,338
7925,290
7935,337
7945,326
7955,308
7965,320
7975,276
7985,317
7995,341
8005,303
8015,332
8025,282
8035,303
8045,349
8055,307
8065,312
8075,311
8085,291
8095,323
8105,333
8115,327
8125,305
8135,291
8145,311
8155,284
8165,310
8175,335
8185,296
8195,324
8205,298
8215,285
8225,306
8235,291
8245,275
8255,268
8265,268
8275,277
8285,302
8295,308
8305,300
8315,278
8325,284
8335,303
8345,276
8355,313
8365,306
8375,289
8385,283
8395,320
8405,290
8415,293
8425,301
8435,266
8445,282
8455,278
8465,285
8475,269
8485,272
8495,271
8505,251
8515,275
8525,249
8535,265
8545,234
8555,272
8565,269
8575,240
8585,261
8595,249
8605,240
8615,284
8625,271
8635,245
8645,218
8655,254
8665,230
8675,241
8685,257
8695,259
8705,217
8715,274
8725,243
8735,230
8745,225
8755,231
8765,243
8775,223
8785,219
8795,225
8805,192
8815,227
8825,214
8835,206
8845,216
8855,207
8865,241
8875,198
8885,207
8895,207
8905,194
8915,197
8925,221
8935,177
8945,197
8955,200
8965,211
8975,201
8985,194
8995,183
9005,172
9015,191
9025,171
9035,172
9045,149
9055,169
9065,157
9075,157
9085,176
9095,155
9105,155
9115,153
9125,176
9135,148
9145,157
9155,160
9165,146
9175,157
9185,140
9195,135
9205,150
9215,139
9225,138
9235,140
9245,138
9255,111
9265,147
9275,142
9285,139
9295,143
9305,116
9315,129
9325,136
9335,122
9345,120
9355,120
9365,112
9375,101
9385,142
9395,108
9405,111
9415,105
9425,111
9435,108
9445,99
9455,104
9465,123
9475,99
9485,122
9495,100
9505,108
9515,108
9525,103
9535,124
9545,109
9555,75
9565,117
9575,99
9585,119
9595,92
9605,101
9615,103
9625,90
9635,97
9645,85
9655,99
9665,99
9675,109
9685,90
9695,86
9705,93
9715,79
9725,110
9735,97
9745,100
9755,92
9765,92
9775,111
9785,109
9795,88
9805,88
9815,113
9825,84
9835,91
9845,86
9855,98
9865,86
9875,77
9885,95
9895,90
9905,98
9915,99
9925,91
9935,94
9945,106
9955,109
9965,103
9975,97
9985,95
9995,102
10005,79
10015,112
10025,109
10035,115
10045,96
10055,98
10065,109
10075,107
10085,109
10095,85
10105,109
10115,91
10125,110
10135,94
10145,112
10155,97
10165,95
10175,94
10185,122
10195,100
10205,100
10215,118
10225,115
10235,98
10245,108
10255,117
10265,134
10275,115
10285,119
10295,92
10305,115
10315,111
10325,129
10335,138
10345,130
10355,122
10365,121
10375,138
10385,132
10395,131
10405,124
10415,144
10425,122
10435,140
10445,149
10455,128
10465,140
10475,144
10485,134
10495,136
10505,135
10515,133
10525,130
10535,144
10545,129
10555,145
10565,166
10575,130
10585,161
10595,148
10605,145
10615,174
10625,137
10635,156
10645,144
10655,158
10665,177
10675,177
10685,165
10695,168
10705,159
10715,155
10725,170
10735,172
10745,175
10755,174
10765,179
10775,169
10785,181
10795,188
10805,175
10815,184
10825,167
10835,223
10845,164
10855,178
10865,183
10875,183
10885,214
10895,185
10905,210
10915,193
10925,208
10935,167
10945,198
10955,229
10965,216
10975,210
10985,192
10995,233
11005,217
11015,207
11025,188
11035,210
11045,213
11055,213
11065,219
11075,224
11085,230
11095,214
11105,221
11115,234
11125,210
11135,225
11145,224
11155,248
11165,210
11175,247
11185,263
11195,236
11205,190
11215,250
11225,245
11235,277
11245,245
11255,226
11265,248
11275,231
11285,278
11295,281
11305,251
11315,250
11325,257
11335,269
11345,261
11355,264
11365,261
11375,273
11385,282
11395,296
11405,290
11415,247
11425,286
11435,272
11445,291
11455,290
11465,313
11475,288
11485,275
11495,294
11505,303
11515,308
11525,301
11535,306
11545,289
11555,326
11565,295
11575,303
11585,318
11595,315
11605,301
11615,305
11625,331
11635,300
11645,294
11655,289
11665,318
11675,331
11685,313
11695,292
11705,323
11715,359
11725,326
11735,341
11745,340
11755,347
11765,373
11775,318
11785,311
11795,347
11805,360
11815,370
11825,320
11835,357
11845,321
11855,327
11865,334
11875,342
11885,347
11895,343
11905,338
11915,335
11925,320
11935,360
11945,357
11955,352
11965,345
11975,329
11985,334
11995,390
12005,369
12015,358
12025,333
12035,348
12045,347
12055,388
12065,320
12075,323
12085,326
12095,358
12105,322
12115,347
12125,369
12135,329
12145,326
12155,313
12165,347
12175,340
12185,324
12195,277
12205,344
12215,332
12225,318
12235,342
12245,334
12255,309
12265,324
12275,319
12285,295
12295,345
12305,326
12315,280
12325,289
12335,288
12345,294
12355,263
12365,278
12375,253
12385,286
12395,278
12405,295
12415,276
12425,256
12435,270
12445,252
12455,242
12465,260
12475,270
12485,245
12495,246
12505,251
12515,220
12525,256
12535,256
12545,211
12555,209
12565,208
12575,207
12585,218
12595,208
12605,210
12615,183
12625,193
12635,190
12645,156
12655,194
12665,184
12675,179
12685,157
12695,140
12705,185
12715,153
12725,168
12735,149
12745,141
12755,164
12765,133
12775,128
12785,146
12795,153
12805,116
12815,124
12825,138
12835,124
12845,113
12855,114
12865,130
12875,95
12885,95
12895,87
12905,96
12915,112
12925,87
12935,90
12945,85
12955,70
12965,85
12975,77
12985,79
12995,83
13005,68
13015,68
13025,64
13035,53
13045,58
13055,59
13065,71
13075,41
13085,52
13095,49
13105,38
13115,45
13125,35
13135,38
13145,52
13155,32
13165,28
13175,38
13185,31
13195,27
13205,28
13215,32
13225,28
13235,26
13245,28
13255,28
13265,26
13275,18
13285,21
13295,20
13305,28
13315,22
13325,26
13335,10
13345,12
13355,9
13365,12
13375,17
13385,16
13395,13
13405,7
13415,14
13425,16
13435,17
13445,15
13455,12
13465,12
13475,5
13485,5
13495,5
13505,6
13515,4
13525,3
13535,9
13545,3
13555,9
13565,5
13575,6
13585,2
13595,1
13605,8
13615,6
13625,2
13635,5
13645,9
13655,3
13665,1
13675,5
13685,3
13695,5
13705,2
13715,3
13725,0
13735,3
13745,1
13755,1
13765,3
13775,3
13785,1
13795,3
13805,5
13815,0
13825,1
13835,3
13845,3
13855,3
13865,1
13875,3
13885,4
13895,1
13905,1
13915,0
13925,5
13935,1
13945,1
13955,1
13965,1
13975,0
13985,1
13995,1
14005,2
14015,0
14025,4
14035,1
14045,0
14055,0
14065,2
14075,1
14085,3
14095,1
14105,1
14115,0
14125,0
14135,1
14145,1
14155,4
14165,0
14175,2
14185,2
14195,1
14205,0
14215,1
14225,1
14235,2
14245,2
14255,3
14265,0
14275,2
14285,1
14295,0
14305,0
14315,1
14325,2
14335,2
14345,0
14355,0
14365,2
14375,2
14385,0
14395,1
14405,1
14415,2
14425,0
14435,2
14445,1
14455,1
14465,1
14475,0
14485,0
14495,4
14505,0
14515,1
14525,0
14535,0
14545,0
14555,1
14565,1
14575,1
14585,0
14595,2
14605,1
14615,0
14625,2
14635,1
14645,2
14655,0
14665,2
14675,1
14685,0
14695,0
14705,0
14715,2
14725,2
14735,0
14745,2
14755,2
14765,0
14775,0
14785,2
14795,2
14805,2
14815,1
14825,0
14835,1
14845,0
14855,1
14865,1
14875,1
14885,0
14895,2
14905,0
14915,0
14925,1
14935,1
14945,1
14955,1
14965,0
14975,0
14985,2
14995,1
15005,0
15015,1
15025,1
15035,0
15045,0
15055,1
15065,0
15075,3
15085,0
15095,0
15105,0
15115,0
15125,0
15135,1
15145,0
15155,0
15165,4
15175,1
15185,0
15195,1
15205,1
15215,1
15225,3
15235,0
15245,1
15255,1
15265,0
15275,1
15285,1
15295,1
15305,1
15315,2
15325,1
15335,1
15345,0
15355,0
15365,0
15375,0
15385,0
15395,2
15405,1
15415,1
15425,3
15435,2
15445,0
15455,0
15465,1
15475,2
15485,4
15495,3
15505,2
15515,0
15525,0
15535,0
15545,0
15555,0
15565,0
15575,0
15585,3
15595,1
15605,0
15615,1
15625,0
15635,0
15645,0
15655,0
15665,1
15675,1
15685,0
15695,0
15705,0
15715,0
15725,0
15735,0
15745,0
15755,1
15765,1
15775,1
15785,0
15795,0
15805,1
15815,0
15825,1
15835,0
15845,0
15855,1
15865,0
15875,0
15885,0
15895,2
15905,1
15915,2
15925,0
15935,0
15945,0
15955,1
15965,3
15975,2
15985,0
15995,0
16005,0
16015,1
16025,2
16035,1
16045,0
16055,0
16065,0
16075,0
16085,0
16095,0
16105,1
16115,0
16125,0
16135,1
16145,1
16155,0
16165,0
16175,0
16185,0
16195,2
16205,0
16215,1
16225,0
16235,0
16245,1
16255,1
16265,0
16275,0
16285,0
16295,0
16305,2
16315,1
16325,1
16335,0
16345,0
16355,0
16365,0
16375,0
16385,0
16395,1
16405,1
16415,0
16425,0
16435,0
16445,1
16455,0
16465,0
16475,1
16485,0
16495,1
16505,2
16515,0
16525,1
16535,1
16545,0
16555,0
16565,0
16575,1
16585,0
16595,0
16605,0
16615,2
16625,0
16635,0
16645,0
16655,1
16665,1
16675,0
16685,1
16695,0
16705,0
16715,0
16725,0
16735,1
16745,0
16755,0
16765,0
16775,0
16785,1
16795,1
16805,1
16815,0
16825,1
16835,0
16845,1
16855,0
16865,0
16875,0
16885,1
16895,0
16905,0
16915,0
16925,1
16935,0
16945,0
16955,1
16965,0
16975,0
16985,1
16995,0
17005,0
17015,0
17025,0
17035,0
17045,0
17055,0
17065,0
17075,0
17085,1
17095,1
17105,0
17115,0
17125,0
17135,0
17145,0
17155,0
17165,0
17175,1
17185,0
17195,0
17205,0
17215,0
17225,0
17235,0
17245,0
17255,0
17265,1
17275,0
17285,0
17295,1
17305,1
17315,0
17325,0
17335,1
17345,0
17355,0
17365,0
17375,0
17385,0
17395,1
17405,1
17415,1
17425,0
17435,1
17445,0
17455,0
17465,0
17475,2
17485,0
17495,0
17505,0
17515,1
17525,0
17535,2
17545,0
17555,0
17565,1
17575,0
17585,0
17595,0
17605,0
17615,0
17625,0
17635,0
17645,0
17655,1
17665,0
17675,0
17685,0
17695,0
17705,0
17715,0
17725,0
17735,1
17745,0
17755,0
17765,0
17775,0
17785,0
17795,0
17805,0
17815,0
17825,1
17835,0
17845,0
17855,0
17865,0
17875,0
17885,0
17895,0
17905,1
17915,0
17925,0
17935,0
17945,0
17955,0
17965,0
17975,0
17985,1
17995,1
18005,0
18015,0
18025,0
18035,0
18045,0
18055,0
18065,1
18075,0
18085,0
18095,0
18105,0
18115,0
18125,0
18135,0
18145,1
18155,0
18165,0
18175,0
18185,0
18195,0
18205,0
18215,0
18225,0
18235,0
18245,0
18255,0
18265,0
18275,0
18285,0
18295,1
18305,0
18315,1
18325,0
18335,0
18345,0
18355,1
18365,0
18375,0
18385,0
18395,0
18405,0
18415,0
18425,0
18435,0
18445,0
18455,0
18465,0
18475,0
18485,0
18495,0
18505,1
18515,0
18525,1
18535,0
18545,0
18555,0
18565,0
18575,0
18585,0
18595,0
18605,0
18615,0
18625,0
18635,0
18645,0
18655,0
18665,0
18675,0
18685,0
18695,0
18705,0
18715,0
18725,0
18735,0
18745,1
18755,0
18765,0
18775,0
18785,0
18795,0
18805,0
18815,0
18825,0
18835,0
18845,0
18855,0
18865,0
18875,1
18885,0
18895,1
18905,0
18915,0
18925,0
18935,0
18945,0
18955,0
18965,0
18975,0
18985,0
18995,0
19005,0
19015,0
19025,0
19035,0
19045,1
19055,0
19065,0
19075,0
19085,0
19095,0
19105,0
19115,0
19125,0
19135,0
19145,1
19155,0
19165,0
19175,0
19185,0
19195,0
19205,0
19215,0
19225,0
19235,1
19245,0
19255,0
19265,0
19275,0
19285,0
19295,0
19305,0
19315,0
19325,0
19335,0
19345,0
19355,1
19365,0
19375,0
19385,0
19395,0
19405,0
19415,0
19425,0
19435,0
19445,0
19455,0
19465,0
19475,0
19485,0
19495,0
19505,0
19515,0
19525,0
19535,0
19545,0
19555,0
19565,0
19575,0
19585,0
19595,0
19605,0
19615,0
19625,0
19635,0
19645,1
19655,0
19665,0
19675,0
19685,0
19695,0
19705,0
19715,0
19725,0
19735,0
19745,0
19755,0
19765,0
19775,0
19785,0
19795,0
19805,0
19815,0
19825,0
19835,0
19845,0
19855,1
19865,1
19875,0
19885,0
19895,0
19905,1
19915,0
19925,0
19935,0
19945,0
19955,0
19965,0
19975,0
19985,0
19995,0
20005,0
20015,0
20025,0
20035,0
20045,0
20055,1
20065,0
20075,0
20085,0
20095,1
20105,1
20115,0
20125,0
20135,0
20145,0
20155,0
20165,0
20175,0
20185,0
20195,0
20205,0
20215,1
20225,1
20235,0
20245,0
20255,0
20265,0
20275,0
20285,0
20295,0
20305,1
20315,0
20325,0
20335,0
20345,0
20355,0
20365,0
20375,0
20385,0
20395,0
20405,0
20415,0
20425,0
20435,0
20445,0
20455,0
20465,0
20475,0
20485,0
20495,0
20505,0
20515,0
20525,0
20535,0
20545,0
20555,0
20565,0
20575,0
20585,0
20595,0
20605,0
20615,0
20625,0
20635,0
20645,0
20655,0
20665,0
20675,0
20685,0
20695,0
20705,0
20715,0
20725,0
20735,0
20745,0
20755,0
20765,0
20775,0
20785,0
20795,0
20805,0
20815,0
20825,0
20835,1
20845,0
20855,1
20865,0
20875,0
20885,0
20895,0
20905,0
20915,0
20925,0
20935,0
20945,0
20955,0
20965,0
20975,0
20985,0
20995,0
21005,0
21015,0
21025,0
21035,0
21045,0
21055,0
21065,0
21075,0
21085,0
21095,0
21105,0
21115,0
21125,0
21135,0
21145,0
21155,0
21165,0
21175,0
21185,0
21195,0
21205,0
21215,0
21225,0
21235,0
21245,0
21255,0
21265,0
21275,0
21285,0
21295,0
21305,0
21315,0
21325,0
21335,0
21345,0
21355,0
21365,0
21375,0
21385,0
21395,0
21405,0
21415,0
21425,0
21435,0
21445,0
21455,0
21465,0
21475,0
21485,0
21495,0
21505,0
21515,0
21525,0
21535,0
21545,0
21555,0
21565,0
21575,0
21585,0
21595,0
21605,0
21615,0
21625,0
21635,0
21645,0
21655,0
21665,0
21675,0
21685,0
21695,0
21705,0
21715,0
21725,0
21735,0
21745,0
21755,0
21765,0
21775,0
21785,1
21795,0
21805,0
21815,0
21825,0
21835,0
21845,0
21855,0
21865,0
21875,0
21885,0
21895,0
21905,0
21915,0
21925,0
21935,0
21945,0
21955,0
21965,0
21975,0
21985,0
21995,0
22005,0
22015,0
22025,0
22035,0
22045,0
22055,0
22065,0
22075,0
22085,0
22095,0
22105,0
22115,0
22125,0
22135,0
22145,0
22155,0
22165,0
22175,0
22185,0
22195,0
22205,0
22215,0
22225,0
22235,0
22245,0
22255,0
22265,0
22275,0
22285,0
22295,0
22305,0
22315,0
22325,0
22335,0
22345,0
22355,0
22365,0
22375,0
22385,0
22395,0
22405,0
22415,0
22425,0
22435,0
22445,0
22455,0
22465,0
22475,0
22485,0
22495,0
22505,0
22515,0
22525,0
22535,0
22545,0
22555,0
22565,0
22575,0
22585,0
22595,0
22605,0
22615,0
22625,0
22635,0
22645,0
22655,0
22665,0
22675,0
22685,0
22695,0
22705,0
22715,0
22725,0
22735,0
22745,0
22755,0
22765,0
22775,0
22785,0
22795,0
22805,0
22815,0
22825,0
22835,0
22845,0
22855,0
22865,0
22875,0
22885,0
22895,0
22905,0
22915,0
22925,0
22935,0
22945,0
22955,0
22965,0
22975,0
22985,0
22995,0
23005,0
23015,0
23025,0
23035,0
23045,0
23055,0
23065,0
23075,0
23085,0
23095,0
23105,0
23115,0
23125,0
23135,0
23145,0
23155,0
23165,0
23175,0
23185,0
23195,0
23205,0
23215,0
23225,0
23235,0
23245,0
23255,0
23265,0
23275,0
23285,0
23295,0
23305,0
23315,0
23325,0
23335,0
23345,0
23355,0
23365,0
23375,0
23385,0
23395,0
23405,0
23415,0
23425,0
23435,0
23445,0
23455,0
23465,0
23475,0
23485,0
23495,0
23505,0
23515,0
23525,0
23535,0
23545,0
23555,0
23565,0
23575,0
23585,0
23595,0
23605,0
23615,0
23625,0
23635,0
23645,0
23655,0
23665,0
23675,0
23685,0
23695,0
23705,0
23715,0
23725,0
23735,0
23745,0
23755,0
23765,0
23775,0
23785,0
23795,0
23805,0
23815,0
23825,0
23835,0
23845,0
23855,0
23865,0
23875,0
23885,0
23895,0
23905,0
23915,0
23925,0
23935,0
23945,0
23955,0
23965,0
23975,0
23985,0
23995,0
24005,0
24015,0
24025,0
24035,0
24045,0
24055,0
24065,0
24075,0
24085,0
24095,0
24105,0
24115,0
24125,0
24135,0
24145,0
24155,0
24165,0
24175,0
24185,0
24195,0
24205,0
24215,0
24225,0
24235,0
24245,0
24255,0
24265,0
24275,0
24285,0
24295,0
24305,0
24315,0
24325,0
24335,0
24345,0
24355,0
24365,0
24375,0
24385,0
24395,0
24405,0
24415,0
24425,0
24435,0
24445,0
24455,0
24465,0
24475,0
24485,0
24495,0
24505,0
24515,0
24525,0
24535,0
24545,0
24555,0
24565,0
24575,0
24585,0
24595,0
24605,0
24615,0
24625,0
24635,0
24645,0
24655,0
24665,0
24675,0
24685,0
24695,0
24705,0
24715,0
24725,0
24735,0
24745,0
24755,0
24765,0
24775,1
24785,0
24795,0
24805,0
24815,0
24825,0
24835,0
24845,0
24855,0
24865,0
24875,0
24885,0
24895,0
24905,0
24915,0
24925,0
24935,0
24945,0
24955,0
24965,0
24975,0
24985,0
24995,0
25005,0
25015,0
25025,0
25035,0
25045,0
25055,0
25065,0
25075,0
25085,0
25095,0
25105,0
25115,0
25125,0
25135,0
25145,0
25155,0
25165,0
25175,0
25185,0
25195,0
25205,0
25215,0
25225,0
25235,0
25245,0
25255,0
25265,0
25275,0
25285,0
25295,0
25305,0
25315,0
25325,0
25335,0
25345,0
25355,0
25365,0
25375,0
25385,0
25395,0
25405,0
25415,0
25425,0
25435,0
25445,0
25455,0
25465,0
25475,0
25485,0
25495,0
25505,0
25515,0
25525,0
25535,0
25545,0
25555,0
25565,0
25575,0
25585,0
25595,0
25605,0
25615,0
25625,0
25635,0
25645,0
25655,0
25665,0
25675,0
25685,0
25695,0
25705,0
25715,0
25725,0
25735,0
25745,0
25755,0
25765,0
25775,0
25785,0
25795,0
25805,0
25815,0
25825,0
25835,0
25845,0
25855,0
25865,0
25875,0
25885,0
25895,0
25905,0
25915,0
25925,0
25935,0
25945,0
25955,0
25965,0
25975,0
25985,0
25995,0
26005,0
26015,0
26025,0
26035,0
26045,0
26055,0
26065,0
26075,0
26085,0
26095,0
26105,0
26115,0
26125,0
26135,0
26145,0
26155,0
26165,0
26175,0
26185,0
26195,0
26205,0
26215,0
26225,0
26235,0
26245,0
26255,0
26265,0
26275,0
26285,0
26295,0
26305,0
26315,0
26325,0
26335,0
26345,0
26355,0
26365,0
26375,0
26385,0
26395,0
26405,0
26415,0
26425,0
26435,0
26445,0
26455,0
26465,0
26475,0
26485,0
26495,0
26505,0
26515,0
26525,0
26535,0
26545,0
26555,0
26565,0
26575,0
26585,0
26595,0
26605,0
26615,0
26625,0
26635,0
26645,0
26655,0
26665,0
26675,0
26685,0
26695,0
26705,0
26715,0
26725,0
26735,0
26745,0
26755,0
26765,0
26775,0
26785,0
26795,0
26805,0
26815,0
26825,0
26835,0
26845,0
26855,0
26865,0
26875,0
26885,0
26895,0
26905,0
26915,0
26925,0
26935,0
26945,0
26955,0
26965,0
26975,0
26985,0
26995,0
27005,0
27015,0
27025,0
27035,0
27045,0
27055,0
27065,0
27075,0
27085,0
27095,0
27105,0
27115,0
27125,0
27135,0
27145,0
27155,0
27165,0
27175,0
27185,0
27195,0
27205,0
27215,0
27225,0
27235,0
27245,0
27255,0
27265,0
27275,0
27285,0
27295,0
27305,0
27315,0
27325,0
27335,0
27345,0
27355,0
27365,0
27375,0
27385,0
27395,0
27405,0
27415,0
27425,0
27435,0
27445,0
27455,0
27465,0
27475,0
27485,0
27495,0
27505,0
27515,0
27525,0
27535,0
27545,0
27555,0
27565,0
27575,0
27585,0
27595,0
27605,0
27615,0
27625,0
27635,0
27645,0
27655,0
27665,0
27675,0
27685,0
27695,0
27705,0
27715,0
27725,0
27735,0
27745,0
27755,0
27765,0
27775,0
27785,0
27795,0
27805,0
27815,0
27825,0
27835,0
27845,0
27855,0
27865,0
27875,0
27885,0
27895,0
27905,0
27915,0
27925,0
27935,0
27945,0
27955,0
27965,0
27975,0
27985,0
27995,0
28005,0
28015,0
28025,0
28035,0
28045,0
28055,0
28065,0
28075,0
28085,0
28095,0
28105,0
28115,0
28125,0
28135,0
28145,0
28155,0
28165,0
28175,0
28185,0
28195,0
28205,0
28215,0
28225,0
28235,0
28245,0
28255,0
28265,0
28275,0
28285,0
28295,0
28305,0
28315,0
28325,0
28335,0
28345,0
28355,0
28365,0
28375,0
28385,0
28395,0
28405,0
28415,0
28425,0
28435,0
28445,0
28455,0
28465,0
28475,0
28485,0
28495,0
28505,0
28515,0
28525,0
28535,0
28545,0
28555,0
28565,0
28575,0
28585,0
28595,0
28605,0
28615,0
28625,0
28635,0
28645,0
28655,0
28665,0
28675,0
28685,0
28695,0
28705,0
28715,0
28725,0
28735,0
28745,0
28755,0
28765,0
28775,0
28785,0
28795,0
28805,0
28815,0
28825,0
28835,0
28845,0
28855,0
28865,0
28875,0
28885,0
28895,0
28905,0
28915,0
28925,0
28935,0
28945,0
28955,0
28965,0
28975,0
28985,0
28995,0
29005,0
29015,0
29025,0
29035,0
29045,0
29055,0
29065,0
29075,0
29085,0
29095,0
29105,0
29115,0
29125,0
29135,0
29145,0
29155,0
29165,0
29175,0
29185,0
29195,0
29205,0
29215,0
29225,0
29235,0
29245,0
29255,0
29265,0
29275,0
29285,0
29295,0
29305,0
29315,0
29325,0
29335,0
29345,0
29355,0
29365,0
29375,0
29385,0
29395,0
29405,0
29415,0
29425,0
29435,0
29445,0
29455,0
29465,0
29475,0
29485,0
29495,0
29505,0
29515,0
29525,0
29535,0
29545,0
29555,0
29565,0
29575,0
29585,0
29595,0
29605,0
29615,0
29625,0
29635,0
29645,0
29655,0
29665,0
29675,0
29685,0
29695,0
29705,0
29715,0
29725,0
29735,0
29745,0
29755,0
29765,0
29775,0
29785,0
29795,0
29805,0
29815,0
29825,0
29835,0
29845,0
29855,0
29865,0
29875,0
29885,0
29895,0
29905,0
29915,0
29925,0
29935,0
29945,0
29955,0
29965,0
29975,0
29985,0
29995,0
30005,0
30015,0
30025,0
30035,0
30045,0
30055,0
30065,0
30075,0
30085,0
30095,0
30105,0
30115,0
30125,0
30135,0
30145,0
30155,0
30165,0
30175,0
30185,0
30195,0
30205,0
30215,0
30225,0
30235,0
30245,0
30255,0
30265,0
30275,0
30285,0
30295,0
30305,0
30315,0
30325,0
30335,0
30345,0
30355,0
30365,0
30375,0
30385,0
30395,0
30405,0
30415,0
30425,0
30435,0
30445,0
30455,0
30465,0
30475,0
30485,0
30495,0
30505,0
30515,0
30525,0
30535,0
30545,0
30555,0
30565,0
30575,0
30585,0
30595,0
30605,0
30615,0
30625,0
30635,0
30645,0
30655,0
30665,0
30675,0
30685,0
30695,0
30705,0
30715,0
30725,0
30735,0
30745,0
30755,0
30765,0
30775,0
30785,0
30795,0
30805,0
30815,0
30825,0
30835,0
30845,0
30855,0
30865,0
30875,0
30885,0
30895,0
30905,0
30915,0
30925,0
30935,0
30945,0
30955,0
30965,0
30975,0
30985,0
30995,0
31005,0
31015,0
31025,0
31035,0
31045,0
31055,0
31065,0
31075,0
31085,0
31095,0
31105,0
31115,0
31125,0
31135,0
31145,0
31155,0
31165,0
31175,0
31185,0
31195,0
31205,0
31215,0
31225,0
31235,0
31245,0
31255,0
31265,0
31275,0
31285,0
31295,0
31305,0
31315,0
31325,0
31335,0
31345,0
31355,0
31365,0
31375,0
31385,0
31395,0
31405,0
31415,0
31425,0
31435,0
31445,0
31455,0
31465,0
31475,0
31485,0
31495,0
31505,0
31515,0
31525,0
31535,0
31545,0
31555,0
31565,0
31575,0
31585,0
31595,0
31605,0
31615,0
31625,0
31635,0
31645,0
31655,0
31665,0
31675,0
31685,0
31695,0
31705,0
31715,0
31725,0
31735,0
31745,0
31755,0
31765,0
31775,0
31785,0
31795,0
31805,0
31815,0
31825,0
31835,0
31845,0
31855,0
31865,0
31875,0
31885,0
31895,0
31905,0
31915,0
31925,0
31935,0
31945,0
31955,0
31965,0
31975,0
31985,0
31995,0
32005,0
32015,0
32025,0
32035,0
32045,0
32055,0
32065,0
32075,0
32085,0
32095,0
32105,0
32115,0
32125,0
32135,0
32145,0
32155,0
32165,0
32175,0
32185,0
32195,0
32205,0
32215,0
32225,0
32235,0
32245,0
32255,0
32265,0
32275,0
32285,0
32295,0
32305,0
32315,0
32325,0
32335,0
32345,0
32355,0
32365,0
32375,0
32385,0
32395,0
32405,0
32415,0
32425,0
32435,0
32445,0
32455,0
32465,0
32475,0
32485,0
32495,0
32505,0
32515,0
32525,0
32535,0
32545,0
32555,0
32565,0
32575,0
32585,0
32595,0
32605,0
32615,0
32625,0
32635,0
32645,0
32655,0
32665,0
32675,0
32685,0
32695,0
32705,0
32715,0
32725,0
32735,0
32745,0
32755,0
32765,0
32775,0
32785,0
32795,0
32805,0
32815,0
32825,0
32835,0
32845,0
32855,0
32865,0
32875,0
32885,0
32895,0
32905,0
32915,0
32925,0
32935,0
32945,0
32955,0
32965,0
32975,0
32985,0
32995,0
33005,0
33015,0
33025,0
33035,0
33045,0
33055,0
33065,0
33075,0
33085,0
33095,0
33105,0
33115,0
33125,0
33135,0
33145,0
33155,0
33165,0
33175,0
33185,0
33195,0
33205,0
33215,0
33225,0
33235,0
33245,0
33255,0
33265,0
33275,0
33285,0
33295,0
33305,0
33315,0
33325,0
33335,0
33345,0
33355,0
33365,0
33375,0
33385,0
33395,0
33405,0
33415,0
33425,0
33435,0
33445,0
33455,0
33465,0
33475,0
33485,0
33495,0
33505,0
33515,0
33525,0
33535,0
33545,0
33555,0
33565,0
33575,0
33585,0
33595,0
33605,0
33615,0
33625,0
33635,0
33645,0
33655,0
33665,0
33675,0
33685,0
33695,0
33705,0
33715,0
33725,0
33735,0
33745,0
33755,0
33765,0
33775,0
33785,0
33795,0
33805,0
33815,0
33825,0
33835,0
33845,0
33855,0
33865,0
33875,0
33885,0
33895,0
33905,0
33915,0
33925,0
33935,0
33945,0
33955,0
33965,0
33975,0
33985,0
33995,0
34005,0
34015,0
34025,0
34035,0
34045,0
34055,0
34065,0
34075,0
34085,0
34095,0
34105,0
34115,0
34125,0
34135,0
34145,0
34155,0
34165,0
34175,0
34185,0
34195,0
34205,0
34215,0
34225,0
34235,0
34245,0
34255,0
34265,0
34275,0
34285,0
34295,0
34305,0
34315,0
34325,0
34335,0
34345,0
34355,0
34365,0
34375,0
34385,0
34395,0
34405,0
34415,0
34425,0
34435,0
34445,0
34455,0
34465,0
34475,0
34485,0
34495,0
,
